0x7f2a4c00 R
0x7f2a4c40 R
0x7f2a5000 W
0x2000D5C0 R
0x1FF96FC0 W
0x2000D600 R
0x1FF97000 R
0x2000A340 R
0x1FF97080 R
0x2004EF40 R
0x1FF970C0 R
0x1FF97100 R
0x1FF97140 R
0x1FF97180 R
0x1FF971C0 R
0x1FF97200 R
0x40009F40 W
0x2001C800 R
0x2001C840 R
0x2000AB00 R
0x40009E00 R
0x2001F600 R
0x2001F640 R
0x2001C9C0 R
0x2000AEC0 R
0x2001CA00 R
0x2001CA80 R
0x2000AA80 R
0x40009EC0 R
0x2001CA40 R
0x1FF96F80 R
0x2001C040 R
0x40008380 W
0x2000AAC0 R
0x2001C080 R
0x40000040 W
0x40000080 W
0x40008440 R
0x400000C0 W
0x2001FB80 R
0x2001FBC0 R
0x40003340 R
0x2001FC80 R
0x2001FCC0 R
0x40003380 W
0x2001FD00 R
0x400033C0 W
0x4000A040 W
0x2001C880 R
0x2001C8C0 R
0x2004EF80 R
0x2000D640 R
0x40000000 R
0x20011680 R
0x1FF96F40 W
0x200116C0 R
0x20011700 R
0x20011740 R
0x2001A4C0 R
0x1FF97240 R
0x2001A540 R
0x20000BC0 R
0x2001A5C0 R
0x2001A600 R
0x2001A580 R
0x2001A500 R
0x20011780 R
0x20011AC0 R
0x1FF97280 R
0x200117C0 R
0x20000B80 R
0x20011800 R
0x1FF972C0 R
0x1FF97040 R
0x20011840 R
0x20000E80 R
0x20011880 R
0x200118C0 R
0x20011900 R
0x20011940 R
0x20011980 R
0x1FF97300 R
0x200119C0 R
0x20015640 R
0x20015680 R
0x2000A7C0 R
0x200156C0 R
0x20015700 R
0x40009C40 R
0x20015740 R
0x20009C40 R
0x20009C00 R
0x20003F00 R
0x20015780 R
0x200157C0 R
0x20011A00 R
0x20011B00 R
0x20011B40 R
0x20011B80 R
0x20010180 R
0x1FF96EC0 W
0x200101C0 R
0x1FF96F00 W
0x20019FC0 R
0x20010200 R
0x20010280 R
0x2000A480 R
0x2001A440 R
0x200102C0 R
0x2000A440 R
0x20010300 R
0x40009F80 R
0x20010340 R
0x20016200 R
0x20016240 R
0x1FF96E80 W
0x2000A800 R
0x400015C0 R
0x20015E40 R
0x20015E80 R
0x20016080 R
0x200162C0 R
0x2000A880 R
0x40009DC0 R
0x20016300 R
0x20026DC0 R
0x1FF96E40 W
0x20026E00 R
0x40008580 R
0x2001BD40 R
0x20016380 R
0x200163C0 R
0x40001640 R
0x20018400 R
0x1FF96E00 W
0x20018440 R
0x20018480 R
0x20018500 R
0x2001BD80 R
0x40008400 R
0x20020740 R
0x20020780 R
0x20018540 R
0x40001600 R
0x40001680 R
0x40009C80 R
0x20018580 R
0x200185C0 R
0x20018C80 R
0x20018CC0 R
0x2000A900 R
0x20018D00 R
0x20018D40 R
0x1FF96DC0 W
0x20026D00 R
0x20018D80 R
0x20018E00 R
0x20018E40 R
0x20018E80 R
0x1FF96D80 W
0x20018EC0 R
0x200202C0 R
0x2000B240 R
0x20020300 R
0x40002140 R
0x20020340 R
0x200343C0 R
0x20026E40 R
0x40008480 R
0x20020380 R
0x20019000 R
0x2000A9C0 R
0x20019040 R
0x20019080 R
0x40009E80 R
0x200190C0 R
0x20018640 R
0x40010880 W
0x20018DC0 R
0x20018900 R
0x20018940 R
0x200189C0 R
0x20018A00 R
0x20018B40 R
0x200192C0 R
0x20019300 R
0x20018B80 R
0x400108C0 W
0x20002780 R
0x20018680 R
0x200186C0 R
0x20018740 R
0x20019100 R
0x20018780 R
0x200187C0 R
0x4005B8C0 W
0x20019340 R
0x200193C0 R
0x20019400 R
0x20019440 R
0x20018800 R
0x2000A840 R
0x20018840 R
0x20018880 R
0x20016400 R
0x20018C00 R
0x20016440 R
0x20016480 R
0x20010380 R
0x20016280 R
0x200103C0 R
0x20015EC0 R
0x20015F00 R
0x20002740 R
0x40001540 R
0x20015F40 R
0x20015F80 R
0x20015FC0 R
0x40001240 R
0x400013C0 R
0x20016000 R
0x20016500 R
0x20016540 R
0x20002700 R
0x200184C0 R
0x1FF96D40 W
0x4005C880 W
0x20018980 R
0x20019280 R
0x4005DFC0 W
0x4005E000 W
0x20016580 R
0x4005BFC0 W
0x200165C0 R
0x200178C0 R
0x20017900 R
0x20017940 R
0x20018700 R
0x4005BAC0 R
0x20017980 R
0x200179C0 R
0x4005B900 W
0x4005B940 W
0x4005B980 W
0x4005B9C0 W
0x4005BA00 W
0x4005BA40 W
0x4005BA80 W
0x20017A00 R
0x20017A40 R
0x20017A80 R
0x20016600 R
0x20016680 R
0x200166C0 R
0x4005C000 W
0x40001400 R
0x20016040 R
0x4005D000 W
0x4005CFC0 W
0x40001280 R
0x20016700 R
0x20016740 R
0x20010400 R
0x2000A400 R
0x20010440 R
0x40000EC0 R
0x400014C0 R
0x40001040 R
0x40001340 R
0x400011C0 R
0x400017C0 R
0x40001940 R
0x4005F7C0 W
0x4005F800 W
0x40001380 R
0x4005EC00 W
0x40001200 R
0x4005EBC0 W
0x4005E600 W
0x40001080 R
0x4005E5C0 W
0x4005E300 W
0x40000F00 R
0x4005E2C0 W
0x20010480 R
0x200104C0 R
0x200026C0 R
0x4005E900 W
0x4005E8C0 W
0x4005F200 W
0x4005F1C0 W
0x4005EF00 W
0x4005EEC0 W
0x4005F500 W
0x4005F4C0 W
0x40060FC0 W
0x40061000 W
0x40060400 W
0x400603C0 W
0x4005FE00 W
0x4005FDC0 W
0x4005FB00 W
0x4005FAC0 W
0x4005C040 W
0x40060100 W
0x400600C0 W
0x40060A00 W
0x400609C0 W
0x40060700 W
0x400606C0 W
0x40060D00 W
0x40060CC0 W
0x400627C0 W
0x40062800 W
0x40061C00 W
0x40061BC0 W
0x40061600 W
0x400615C0 W
0x40061300 W
0x400612C0 W
0x4005C080 W
0x40061900 W
0x400618C0 W
0x40062200 W
0x400621C0 W
0x40061F00 W
0x40061EC0 W
0x40062500 W
0x400624C0 W
0x40063FC0 W
0x40064000 W
0x40063400 W
0x400633C0 W
0x40062E00 W
0x40062DC0 W
0x40062B00 W
0x40062AC0 W
0x4005C0C0 W
0x40063100 W
0x400630C0 W
0x40063A00 W
0x400639C0 W
0x40063700 W
0x400636C0 W
0x40063D00 W
0x40063CC0 W
0x400657C0 W
0x40065800 W
0x40064C00 W
0x40064BC0 W
0x40064600 W
0x400645C0 W
0x40064300 W
0x400642C0 W
0x4005C100 W
0x40064900 W
0x400648C0 W
0x40065200 W
0x400651C0 W
0x40064F00 W
0x40064EC0 W
0x40065500 W
0x400654C0 W
0x40066FC0 W
0x40067000 W
0x40066400 W
0x400663C0 W
0x40065E00 W
0x40065DC0 W
0x40065B00 W
0x40065AC0 W
0x4005C140 W
0x40066100 W
0x400660C0 W
0x40066A00 W
0x400669C0 W
0x40066700 W
0x400666C0 W
0x40066D00 W
0x40066CC0 W
0x400687C0 W
0x40068800 W
0x40067C00 W
0x40067BC0 W
0x40067600 W
0x400675C0 W
0x40067300 W
0x400672C0 W
0x4005C180 W
0x40067900 W
0x400678C0 W
0x40068200 W
0x400681C0 W
0x40067F00 W
0x40067EC0 W
0x40068500 W
0x400684C0 W
0x40069FC0 W
0x4006A000 W
0x40069400 W
0x400693C0 W
0x40068E00 W
0x40068DC0 W
0x40068B00 W
0x40068AC0 W
0x4005C1C0 W
0x40069100 W
0x400690C0 W
0x40069A00 W
0x400699C0 W
0x40069700 W
0x400696C0 W
0x40069D00 W
0x40069CC0 W
0x4006A880 W
0x4006B7C0 W
0x4006B800 W
0x4006AC00 W
0x4006ABC0 W
0x4006A600 W
0x4006A5C0 W
0x4006A300 W
0x4006A2C0 W
0x4005C200 W
0x4006A900 W
0x4006A8C0 W
0x4006B200 W
0x4006B1C0 W
0x4006AF00 W
0x4006AEC0 W
0x4006B500 W
0x4006B4C0 W
0x4006CFC0 W
0x4006D000 W
0x4006C400 W
0x4006C3C0 W
0x4006BE00 W
0x4006BDC0 W
0x4006BB00 W
0x4006BAC0 W
0x4005C240 W
0x4006C100 W
0x4006C0C0 W
0x4006CA00 W
0x4006C9C0 W
0x4006C700 W
0x4006C6C0 W
0x4006CD00 W
0x4006CCC0 W
0x4006E7C0 W
0x4006E800 W
0x4006DC00 W
0x4006DBC0 W
0x4006D600 W
0x4006D5C0 W
0x4006D300 W
0x4006D2C0 W
0x4005C280 W
0x4006D900 W
0x4006D8C0 W
0x4006E200 W
0x4006E1C0 W
0x4006DF00 W
0x4006DEC0 W
0x4006E500 W
0x4006E4C0 W
0x4006FFC0 W
0x40070000 W
0x4006F400 W
0x4006F3C0 W
0x4006EE00 W
0x4006EDC0 W
0x4006EB00 W
0x4006EAC0 W
0x4005C2C0 W
0x4006F100 W
0x4006F0C0 W
0x4006FA00 W
0x4006F9C0 W
0x4006F700 W
0x4006F6C0 W
0x4006FD00 W
0x4006FCC0 W
0x400717C0 W
0x40071800 W
0x40070C00 W
0x40070BC0 W
0x40070600 W
0x400705C0 W
0x40070300 W
0x400702C0 W
0x4005C300 W
0x40070900 W
0x400708C0 W
0x40071200 W
0x400711C0 W
0x40070F00 W
0x40070EC0 W
0x40071500 W
0x400714C0 W
0x40072FC0 W
0x40073000 W
0x40072400 W
0x400723C0 W
0x40071E00 W
0x40071DC0 W
0x40071B00 W
0x40071AC0 W
0x4005C340 W
0x40072100 W
0x400720C0 W
0x40072A00 W
0x400729C0 W
0x40072700 W
0x400726C0 W
0x40072D00 W
0x40072CC0 W
0x400747C0 W
0x40074800 W
0x40073C00 W
0x40073BC0 W
0x40073600 W
0x400735C0 W
0x40073300 W
0x400732C0 W
0x4005C380 W
0x40073900 W
0x400738C0 W
0x40074200 W
0x400741C0 W
0x40073F00 W
0x40073EC0 W
0x40074500 W
0x400744C0 W
0x40075FC0 W
0x40076000 W
0x40075400 W
0x400753C0 W
0x40074E00 W
0x40074DC0 W
0x40074B00 W
0x40074AC0 W
0x4005C3C0 W
0x40075100 W
0x400750C0 W
0x40075A00 W
0x400759C0 W
0x40075700 W
0x400756C0 W
0x40075D00 W
0x40075CC0 W
0x400777C0 W
0x40077800 W
0x40076C00 W
0x40076BC0 W
0x40076600 W
0x400765C0 W
0x40076300 W
0x400762C0 W
0x4005C400 W
0x40076900 W
0x400768C0 W
0x40077200 W
0x400771C0 W
0x40076F00 W
0x40076EC0 W
0x40077500 W
0x400774C0 W
0x40078880 W
0x40078FC0 R
0x40079000 W
0x40078400 W
0x400783C0 W
0x40077E00 W
0x40077DC0 W
0x40077B00 W
0x40077AC0 W
0x4005C440 W
0x40078100 W
0x400780C0 W
0x40078A00 W
0x400789C0 W
0x40078700 W
0x400786C0 W
0x40078D00 W
0x40078CC0 W
0x4007A7C0 W
0x4007A800 W
0x40079C00 W
0x40079BC0 W
0x40079600 W
0x400795C0 W
0x40079300 W
0x400792C0 W
0x4005C480 W
0x40079900 W
0x400798C0 W
0x4007A200 W
0x4007A1C0 W
0x40079F00 W
0x40079EC0 W
0x4007A500 W
0x4007A4C0 W
0x4007BFC0 W
0x4007C000 W
0x4007B400 W
0x4007B3C0 W
0x4007AE00 W
0x4007ADC0 W
0x4007AB00 W
0x4007AAC0 W
0x4005C4C0 W
0x4007B100 W
0x4007B0C0 W
0x4007BA00 W
0x4007B9C0 W
0x4007B700 W
0x4007B6C0 W
0x4007BD00 W
0x4007BCC0 W
0x4007D7C0 W
0x4007D800 W
0x4007CC00 W
0x4007CBC0 W
0x4007C600 W
0x4007C5C0 W
0x4007C300 W
0x4007C2C0 W
0x4005C500 W
0x4007C900 W
0x4007C8C0 W
0x4007D200 W
0x4007D1C0 W
0x4007CF00 W
0x4007CEC0 W
0x4007D500 W
0x4007D4C0 W
0x4007EFC0 W
0x4007F000 W
0x4007E400 W
0x4007E3C0 W
0x4007DE00 W
0x4007DDC0 W
0x4007DB00 W
0x4007DAC0 W
0x4005C540 W
0x4007E100 W
0x4007E0C0 W
0x4007EA00 W
0x4007E9C0 W
0x4007E700 W
0x4007E6C0 W
0x4007ED00 W
0x4007ECC0 W
0x400807C0 W
0x40080800 W
0x4007FC00 W
0x4007FBC0 W
0x4007F600 W
0x4007F5C0 W
0x4007F300 W
0x4007F2C0 W
0x4005C580 W
0x4007F900 W
0x4007F8C0 W
0x40080200 W
0x400801C0 W
0x4007FF00 W
0x4007FEC0 W
0x40080500 W
0x400804C0 W
0x40081FC0 W
0x40082000 W
0x40081400 W
0x400813C0 W
0x40080E00 W
0x40080DC0 W
0x40080B00 W
0x40080AC0 W
0x4005C5C0 W
0x40081100 W
0x400810C0 W
0x40081A00 W
0x400819C0 W
0x40081700 W
0x400816C0 W
0x40081D00 W
0x40081CC0 W
0x400837C0 W
0x40083800 W
0x40082C00 W
0x40082BC0 W
0x40082600 W
0x400825C0 W
0x40082300 W
0x400822C0 W
0x4005C600 W
0x40082900 W
0x400828C0 W
0x40083200 W
0x400831C0 W
0x40082F00 W
0x40082EC0 W
0x40083500 W
0x400834C0 W
0x40084FC0 W
0x40085000 W
0x40084400 W
0x400843C0 W
0x40083E00 W
0x40083DC0 W
0x40083B00 W
0x40083AC0 W
0x4005C640 W
0x40084100 W
0x400840C0 W
0x40084A00 W
0x400849C0 W
0x40084700 W
0x400846C0 W
0x40084D00 W
0x40084CC0 W
0x400867C0 W
0x40086800 W
0x40085C00 W
0x40085BC0 W
0x40085600 W
0x400855C0 W
0x40085300 W
0x400852C0 W
0x4005C680 W
0x40085900 W
0x400858C0 W
0x40086200 W
0x400861C0 W
0x40085F00 W
0x40085EC0 W
0x40086500 W
0x400864C0 W
0x40086880 W
0x40087FC0 W
0x40088000 W
0x40087400 W
0x400873C0 W
0x40086E00 W
0x40086DC0 W
0x40086B00 W
0x40086AC0 W
0x4005C6C0 W
0x40087100 W
0x400870C0 W
0x40087A00 W
0x400879C0 W
0x40087700 W
0x400876C0 W
0x40087D00 W
0x40087CC0 W
0x400897C0 W
0x40089800 W
0x40088C00 W
0x40088BC0 W
0x40088600 W
0x400885C0 W
0x40088300 W
0x400882C0 W
0x4005C700 W
0x40088900 W
0x400888C0 W
0x40089200 W
0x400891C0 W
0x40088F00 W
0x40088EC0 W
0x40089500 W
0x400894C0 W
0x4008AFC0 W
0x4008B000 W
0x4008A400 W
0x4008A3C0 W
0x40089E00 W
0x40089DC0 W
0x40089B00 W
0x40089AC0 W
0x4005C740 W
0x4008A100 W
0x4008A0C0 W
0x4008AA00 W
0x4008A9C0 W
0x4008A700 W
0x4008A6C0 W
0x4008AD00 W
0x4008ACC0 W
0x4008C7C0 W
0x4008C800 W
0x4008BC00 W
0x4008BBC0 W
0x4008B600 W
0x4008B5C0 W
0x4008B300 W
0x4008B2C0 W
0x4005C780 W
0x4008B900 W
0x4008B8C0 W
0x4008C200 W
0x4008C1C0 W
0x4008BF00 W
0x4008BEC0 W
0x4008C500 W
0x4008C4C0 W
0x4008DFC0 W
0x4008E000 W
0x4005BEC0 R
0x4005BB00 W
0x4005BB40 W
0x4005BB80 W
0x4005BBC0 W
0x4005BC00 W
0x4005BC40 W
0x4005BC80 W
0x4005BCC0 W
0x4005BD00 W
0x4005BD40 W
0x4005BD80 W
0x4005BDC0 W
0x4005BE00 W
0x4005BE40 W
0x4005BE80 W
0x40001580 R
0x20018C40 R
0x20019380 R
0x4008D400 W
0x4008D3C0 W
0x4008CE00 W
0x4008CDC0 W
0x4008CB00 W
0x4008CAC0 W
0x4005C7C0 W
0x4008D100 W
0x4008D0C0 W
0x4008DA00 W
0x4008D9C0 W
0x4008D700 W
0x4008D6C0 W
0x4008DD00 W
0x4008DCC0 W
0x4008F7C0 W
0x4008F800 W
0x4008EC00 W
0x4008EBC0 W
0x4008E600 W
0x4008E5C0 W
0x4008E300 W
0x4008E2C0 W
0x4005C800 W
0x4008E900 W
0x4008E8C0 W
0x4008F200 W
0x4008F1C0 W
0x4008EF00 W
0x4008EEC0 W
0x4008F500 W
0x4008F4C0 W
0x40090FC0 W
0x40091000 W
0x40090400 W
0x400903C0 W
0x4008FE00 W
0x4008FDC0 W
0x4008FB00 W
0x4008FAC0 W
0x4005C840 W
0x40090100 W
0x400900C0 W
0x40090A00 W
0x400909C0 W
0x40090700 W
0x400906C0 W
0x40090D00 W
0x40090CC0 W
0x400927C0 W
0x40092800 W
0x40091C00 W
0x40091BC0 W
0x40091600 W
0x400915C0 W
0x40091300 W
0x400912C0 W
0x40091900 W
0x400918C0 W
0x40092200 W
0x400921C0 W
0x40091F00 W
0x40091EC0 W
0x40092500 W
0x400924C0 W
0x40093FC0 W
0x40094000 W
0x40093400 W
0x400933C0 W
0x40092E00 W
0x40092DC0 W
0x40092B00 W
0x40092AC0 W
0x4005C8C0 W
0x40093100 W
0x400930C0 W
0x40093A00 W
0x400939C0 W
0x40093700 W
0x400936C0 W
0x40093D00 W
0x40093CC0 W
0x40094880 W
0x400957C0 W
0x40095800 W
0x40094C00 W
0x40094BC0 W
0x40094600 W
0x400945C0 W
0x40094300 W
0x400942C0 W
0x4005C900 W
0x40094900 W
0x400948C0 W
0x40095200 W
0x400951C0 W
0x40094F00 W
0x40094EC0 W
0x40095500 W
0x400954C0 W
0x40096FC0 W
0x40097000 W
0x40096400 W
0x400963C0 W
0x40095E00 W
0x40095DC0 W
0x40095B00 W
0x40095AC0 W
0x4005C940 W
0x40096100 W
0x400960C0 W
0x40096A00 W
0x400969C0 W
0x40096700 W
0x400966C0 W
0x40096D00 W
0x40096CC0 W
0x400987C0 W
0x40098800 W
0x40097C00 W
0x40097BC0 W
0x40097600 W
0x400975C0 W
0x40097300 W
0x400972C0 W
0x4005C980 W
0x40097900 W
0x400978C0 W
0x40098200 W
0x400981C0 W
0x40097F00 W
0x40097EC0 W
0x40098500 W
0x400984C0 W
0x40099FC0 W
0x4009A000 W
0x40099400 W
0x400993C0 W
0x40098E00 W
0x40098DC0 W
0x40098B00 W
0x40098AC0 W
0x4005C9C0 W
0x40099100 W
0x400990C0 W
0x40099A00 W
0x400999C0 W
0x40099700 W
0x400996C0 W
0x40099D00 W
0x40099CC0 W
0x4009B7C0 W
0x4009B800 W
0x4009AC00 W
0x4009ABC0 W
0x4009A600 W
0x4009A5C0 W
0x4009A300 W
0x4009A2C0 W
0x4005CA00 W
0x4009A900 W
0x4009A8C0 W
0x4009B200 W
0x4009B1C0 W
0x4009AF00 W
0x4009AEC0 W
0x4009B500 W
0x4009B4C0 W
0x4009CFC0 W
0x4009D000 W
0x4009C400 W
0x4009C3C0 W
0x4009BE00 W
0x4009BDC0 W
0x4009BB00 W
0x4009BAC0 W
0x4005CA40 W
0x4009C100 W
0x4009C0C0 W
0x4009CA00 W
0x4009C9C0 W
0x4009C700 W
0x4009C6C0 W
0x4009CD00 W
0x4009CCC0 W
0x4009E7C0 W
0x4009E800 W
0x4009DC00 W
0x4009DBC0 W
0x4009D600 W
0x4009D5C0 W
0x4009D300 W
0x4009D2C0 W
0x4005CA80 W
0x4009D900 W
0x4009D8C0 W
0x4009E200 W
0x4009E1C0 W
0x4009DF00 W
0x4009DEC0 W
0x4009E500 W
0x4009E4C0 W
0x4009FFC0 W
0x400A0000 W
0x4009F400 W
0x4009F3C0 W
0x4009EE00 W
0x4009EDC0 W
0x4009EB00 W
0x4009EAC0 W
0x4005CAC0 W
0x4009F100 W
0x4009F0C0 W
0x4009FA00 W
0x4009F9C0 W
0x4009F700 W
0x4009F6C0 W
0x4009FD00 W
0x4009FCC0 W
0x400A17C0 W
0x400A1800 W
0x400A0C00 W
0x400A0BC0 W
0x400A0600 W
0x400A05C0 W
0x400A0300 W
0x400A02C0 W
0x4005CB00 W
0x400A0900 W
0x400A08C0 W
0x400A1200 W
0x400A11C0 W
0x400A0F00 W
0x400A0EC0 W
0x400A1500 W
0x400A14C0 W
0x400A2880 W
0x400A2FC0 R
0x400A3000 W
0x400A2400 W
0x400A23C0 W
0x400A1E00 W
0x400A1DC0 W
0x400A1B00 W
0x400A1AC0 W
0x4005CB40 W
0x400A2100 W
0x400A20C0 W
0x400A2A00 W
0x400A29C0 W
0x400A2700 W
0x400A26C0 W
0x400A2D00 W
0x400A2CC0 W
0x400A47C0 W
0x400A4800 W
0x400A3C00 W
0x400A3BC0 W
0x400A3600 W
0x400A35C0 W
0x400A3300 W
0x400A32C0 W
0x4005CB80 W
0x400A3900 W
0x400A38C0 W
0x400A4200 W
0x400A41C0 W
0x400A3F00 W
0x400A3EC0 W
0x400A4500 W
0x400A44C0 W
0x400A5FC0 W
0x400A6000 W
0x400A5400 W
0x400A53C0 W
0x400A4E00 W
0x400A4DC0 W
0x400A4B00 W
0x400A4AC0 W
0x4005CBC0 W
0x400A5100 W
0x400A50C0 W
0x400A5A00 W
0x400A59C0 W
0x400A5700 W
0x400A56C0 W
0x400A5D00 W
0x400A5CC0 W
0x400A77C0 W
0x400A7800 W
0x400A6C00 W
0x400A6BC0 W
0x400A6600 W
0x400A65C0 W
0x400A6300 W
0x400A62C0 W
0x4005CC00 W
0x400A6900 W
0x400A68C0 W
0x400A7200 W
0x400A71C0 W
0x400A6F00 W
0x400A6EC0 W
0x400A7500 W
0x400A74C0 W
0x400A8FC0 W
0x400A9000 W
0x400A8400 W
0x400A83C0 W
0x400A7E00 W
0x400A7DC0 W
0x400A7B00 W
0x400A7AC0 W
0x4005CC40 W
0x400A8100 W
0x400A80C0 W
0x400A8A00 W
0x400A89C0 W
0x400A8700 W
0x400A86C0 W
0x400A8D00 W
0x400A8CC0 W
0x400AA7C0 W
0x400AA800 W
0x400A9C00 W
0x400A9BC0 W
0x400A9600 W
0x400A95C0 W
0x400A9300 W
0x400A92C0 W
0x4005CC80 W
0x400A9900 W
0x400A98C0 W
0x400AA200 W
0x400AA1C0 W
0x400A9F00 W
0x400A9EC0 W
0x400AA500 W
0x400AA4C0 W
0x400ABFC0 W
0x400AC000 W
0x400AB400 W
0x400AB3C0 W
0x400AAE00 W
0x400AADC0 W
0x400AAB00 W
0x400AAAC0 W
0x4005CCC0 W
0x400AB100 W
0x400AB0C0 W
0x400ABA00 W
0x400AB9C0 W
0x400AB700 W
0x400AB6C0 W
0x400ABD00 W
0x400ABCC0 W
0x400AD7C0 W
0x400AD800 W
0x400ACC00 W
0x400ACBC0 W
0x400AC600 W
0x400AC5C0 W
0x400AC300 W
0x400AC2C0 W
0x4005CD00 W
0x400AC900 W
0x400AC8C0 W
0x400AD200 W
0x400AD1C0 W
0x400ACF00 W
0x400ACEC0 W
0x400AD500 W
0x400AD4C0 W
0x400AEFC0 W
0x400AF000 W
0x400AE400 W
0x400AE3C0 W
0x400ADE00 W
0x400ADDC0 W
0x400ADB00 W
0x400ADAC0 W
0x4005CD40 W
0x400AE100 W
0x400AE0C0 W
0x400AEA00 W
0x400AE9C0 W
0x400AE700 W
0x400AE6C0 W
0x400AED00 W
0x400AECC0 W
0x400B07C0 W
0x400B0800 W
0x400AFC00 W
0x400AFBC0 W
0x400AF600 W
0x400AF5C0 W
0x400AF300 W
0x400AF2C0 W
0x4005CD80 W
0x400AF900 W
0x400AF8C0 W
0x400B0200 W
0x400B01C0 W
0x400AFF00 W
0x400AFEC0 W
0x400B0500 W
0x400B04C0 W
0x400B1FC0 W
0x400B2000 W
0x400B1400 W
0x400B13C0 W
0x400B0E00 W
0x400B0DC0 W
0x400B0B00 W
0x400B0AC0 W
0x4005CDC0 W
0x400B1100 W
0x400B10C0 W
0x400B1A00 W
0x400B19C0 W
0x400B1700 W
0x400B16C0 W
0x400B1D00 W
0x400B1CC0 W
0x400B2880 W
0x400B37C0 W
0x400B3800 W
0x400B2C00 W
0x400B2BC0 W
0x400B2600 W
0x400B25C0 W
0x400B2300 W
0x400B22C0 W
0x4005CE00 W
0x400B2900 W
0x400B28C0 W
0x400B3200 W
0x400B31C0 W
0x400B2F00 W
0x400B2EC0 W
0x400B3500 W
0x400B34C0 W
0x400B4FC0 W
0x400B5000 W
0x400B4400 W
0x400B43C0 W
0x400B3E00 W
0x400B3DC0 W
0x400B3B00 W
0x400B3AC0 W
0x4005CE40 W
0x400B4100 W
0x400B40C0 W
0x400B4A00 W
0x400B49C0 W
0x400B4700 W
0x400B46C0 W
0x400B4D00 W
0x400B4CC0 W
0x400B67C0 W
0x400B6800 W
0x400B5C00 W
0x400B5BC0 W
0x400B5600 W
0x400B55C0 W
0x400B5300 W
0x400B52C0 W
0x4005CE80 W
0x400B5900 W
0x400B58C0 W
0x400B6200 W
0x400B61C0 W
0x400B5F00 W
0x400B5EC0 W
0x400B6500 W
0x400B64C0 W
0x400B7FC0 W
0x400B8000 W
0x400B7400 W
0x400B73C0 W
0x400B6E00 W
0x400B6DC0 W
0x400B6B00 W
0x400B6AC0 W
0x4005CEC0 W
0x400B7100 W
0x400B70C0 W
0x400B7A00 W
0x400B79C0 W
0x400B7700 W
0x400B76C0 W
0x400B7D00 W
0x400B7CC0 W
0x20010500 R
0x20010540 R
0x40010900 R
0x4005E040 W
0x40010940 R
0x4005E080 W
0x40010980 R
0x4005E0C0 W
0x400109C0 R
0x4005E100 W
0x40010A00 R
0x4005E140 W
0x40010A40 R
0x4005E180 W
0x40010A80 R
0x4005E1C0 W
0x40010AC0 R
0x4005E200 W
0x40010B00 R
0x4005E240 W
0x40010B40 R
0x40010B80 R
0x4005E340 W
0x40010BC0 R
0x4005E380 W
0x40010C00 R
0x4005E3C0 W
0x40010C40 R
0x4005E400 W
0x40010C80 R
0x4005E440 W
0x40010CC0 R
0x4005E480 W
0x40010D00 R
0x4005E4C0 W
0x40010D40 R
0x4005E500 W
0x40010D80 R
0x4005E540 W
0x40010DC0 R
0x40010E00 R
0x4005E640 W
0x40010E40 R
0x4005E680 W
0x40010E80 R
0x4005E6C0 W
0x40010EC0 R
0x4005E700 W
0x40010F00 R
0x4005E740 W
0x40010F40 R
0x4005E780 W
0x40010F80 R
0x4005E7C0 W
0x40010FC0 R
0x4005E800 W
0x40011000 R
0x4005E840 W
0x40011040 R
0x40011080 R
0x4005E940 W
0x400110C0 R
0x4005E980 W
0x40011100 R
0x4005E9C0 W
0x40011140 R
0x4005EA00 W
0x40011180 R
0x4005EA40 W
0x400111C0 R
0x4005EA80 W
0x40011200 R
0x4005EAC0 W
0x40011240 R
0x4005EB00 W
0x40011280 R
0x4005EB40 W
0x400112C0 R
0x40011300 R
0x4005EC40 W
0x40011340 R
0x4005EC80 W
0x40011380 R
0x4005ECC0 W
0x400113C0 R
0x4005ED00 W
0x40011400 R
0x4005ED40 W
0x40011440 R
0x4005ED80 W
0x40011480 R
0x4005EDC0 W
0x400114C0 R
0x4005EE00 W
0x40011500 R
0x4005EE40 W
0x40011540 R
0x40011580 R
0x4005EF40 W
0x400115C0 R
0x4005EF80 W
0x40011600 R
0x4005EFC0 W
0x40011640 R
0x4005F000 W
0x40011680 R
0x4005F040 W
0x400116C0 R
0x4005F080 W
0x40011700 R
0x4005F0C0 W
0x40011740 R
0x4005F100 W
0x40011780 R
0x4005F140 W
0x400117C0 R
0x40011800 R
0x4005F240 W
0x40011840 R
0x4005F280 W
0x40011880 R
0x4005F2C0 W
0x400118C0 R
0x4005F300 W
0x40011900 R
0x4005F340 W
0x40011940 R
0x4005F380 W
0x40011980 R
0x4005F3C0 W
0x400119C0 R
0x4005F400 W
0x40011A00 R
0x4005F440 W
0x40011A40 R
0x40011A80 R
0x4005F540 W
0x40011AC0 R
0x4005F580 W
0x40011B00 R
0x4005F5C0 W
0x40011B40 R
0x4005F600 W
0x40011B80 R
0x4005F640 W
0x40011BC0 R
0x4005F680 W
0x40011C00 R
0x4005F6C0 W
0x40011C40 R
0x4005F700 W
0x40011C80 R
0x4005F740 W
0x40011CC0 R
0x40011D00 R
0x4005F840 W
0x40011D40 R
0x4005F880 W
0x40011D80 R
0x4005F8C0 W
0x40011DC0 R
0x4005F900 W
0x40011E00 R
0x4005F940 W
0x40011E40 R
0x4005F980 W
0x40011E80 R
0x4005F9C0 W
0x40011EC0 R
0x4005FA00 W
0x40011F00 R
0x4005FA40 W
0x40011F40 R
0x40011F80 R
0x4005FB40 W
0x40011FC0 R
0x4005FB80 W
0x40012000 R
0x4005FBC0 W
0x40012040 R
0x4005FC00 W
0x40012080 R
0x4005FC40 W
0x400120C0 R
0x4005FC80 W
0x40012100 R
0x4005FCC0 W
0x40012140 R
0x4005FD00 W
0x40012180 R
0x4005FD40 W
0x400121C0 R
0x40012200 R
0x4005FE40 W
0x40012240 R
0x4005FE80 W
0x40012280 R
0x4005FEC0 W
0x400122C0 R
0x4005FF00 W
0x40012300 R
0x4005FF40 W
0x40012340 R
0x4005FF80 W
0x40012380 R
0x4005FFC0 W
0x400123C0 R
0x40060000 W
0x40012400 R
0x40060040 W
0x40012440 R
0x40012480 R
0x40060140 W
0x400124C0 R
0x40060180 W
0x40012500 R
0x400601C0 W
0x40012540 R
0x40060200 W
0x40012580 R
0x40060240 W
0x400125C0 R
0x40060280 W
0x40012600 R
0x400602C0 W
0x40012640 R
0x40060300 W
0x40012680 R
0x40060340 W
0x400126C0 R
0x40012700 R
0x40060440 W
0x40012740 R
0x40060480 W
0x40012780 R
0x400604C0 W
0x400127C0 R
0x40060500 W
0x40012800 R
0x40060540 W
0x40012840 R
0x40060580 W
0x40012880 R
0x400605C0 W
0x400128C0 R
0x40060600 W
0x40012900 R
0x40060640 W
0x40012940 R
0x40012980 R
0x40060740 W
0x400129C0 R
0x40060780 W
0x40012A00 R
0x400607C0 W
0x40012A40 R
0x40060800 W
0x40012A80 R
0x40060840 W
0x40012AC0 R
0x40060880 W
0x40012B00 R
0x400608C0 W
0x40012B40 R
0x40060900 W
0x40012B80 R
0x40060940 W
0x40012BC0 R
0x40012C00 R
0x40060A40 W
0x40012C40 R
0x40060A80 W
0x40012C80 R
0x40060AC0 W
0x40012CC0 R
0x40060B00 W
0x40012D00 R
0x40060B40 W
0x40012D40 R
0x40060B80 W
0x40012D80 R
0x40060BC0 W
0x40012DC0 R
0x40060C00 W
0x40012E00 R
0x40060C40 W
0x40012E40 R
0x40012E80 R
0x40060D40 W
0x40012EC0 R
0x40060D80 W
0x40012F00 R
0x40060DC0 W
0x40012F40 R
0x40060E00 W
0x40012F80 R
0x40060E40 W
0x40012FC0 R
0x40060E80 W
0x40013000 R
0x40060EC0 W
0x40013040 R
0x40060F00 W
0x40013080 R
0x40060F40 W
0x400130C0 R
0x40013100 R
0x40061040 W
0x40013140 R
0x40061080 W
0x40013180 R
0x400610C0 W
0x400131C0 R
0x40061100 W
0x40013200 R
0x40061140 W
0x40013240 R
0x40061180 W
0x40013280 R
0x400611C0 W
0x400132C0 R
0x40061200 W
0x40013300 R
0x40061240 W
0x40013340 R
0x40013380 R
0x40061340 W
0x400133C0 R
0x40061380 W
0x40013400 R
0x400613C0 W
0x40013440 R
0x40061400 W
0x40013480 R
0x40061440 W
0x400134C0 R
0x40061480 W
0x40013500 R
0x400614C0 W
0x40013540 R
0x40061500 W
0x40013580 R
0x40061540 W
0x400135C0 R
0x40013600 R
0x40061640 W
0x40013640 R
0x40061680 W
0x40013680 R
0x400616C0 W
0x400136C0 R
0x40061700 W
0x40013700 R
0x40061740 W
0x40013740 R
0x40061780 W
0x40013780 R
0x400617C0 W
0x400137C0 R
0x40061800 W
0x40013800 R
0x40061840 W
0x40013840 R
0x40013880 R
0x40061940 W
0x400138C0 R
0x40061980 W
0x40013900 R
0x400619C0 W
0x40013940 R
0x40061A00 W
0x40013980 R
0x40061A40 W
0x400139C0 R
0x40061A80 W
0x40013A00 R
0x40061AC0 W
0x40013A40 R
0x40061B00 W
0x40013A80 R
0x40061B40 W
0x40013AC0 R
0x40013B00 R
0x40061C40 W
0x40013B40 R
0x40061C80 W
0x40013B80 R
0x40061CC0 W
0x40013BC0 R
0x40061D00 W
0x40013C00 R
0x40061D40 W
0x40013C40 R
0x40061D80 W
0x40013C80 R
0x40061DC0 W
0x40013CC0 R
0x40061E00 W
0x40013D00 R
0x40061E40 W
0x40013D40 R
0x40013D80 R
0x40061F40 W
0x40013DC0 R
0x40061F80 W
0x40013E00 R
0x40061FC0 W
0x40013E40 R
0x40062000 W
0x40013E80 R
0x40062040 W
0x40013EC0 R
0x40062080 W
0x40013F00 R
0x400620C0 W
0x40013F40 R
0x40062100 W
0x40013F80 R
0x40062140 W
0x40013FC0 R
0x40014000 R
0x40062240 W
0x40014040 R
0x40062280 W
0x40014080 R
0x400622C0 W
0x400140C0 R
0x40062300 W
0x40014100 R
0x40062340 W
0x40014140 R
0x40062380 W
0x40014180 R
0x400623C0 W
0x400141C0 R
0x40062400 W
0x40014200 R
0x40062440 W
0x40014240 R
0x40014280 R
0x40062540 W
0x400142C0 R
0x40062580 W
0x40014300 R
0x400625C0 W
0x40014340 R
0x40062600 W
0x40014380 R
0x40062640 W
0x400143C0 R
0x40062680 W
0x40014400 R
0x400626C0 W
0x40014440 R
0x40062700 W
0x40014480 R
0x40062740 W
0x400144C0 R
0x40014500 R
0x40062840 W
0x40014540 R
0x40062880 W
0x40014580 R
0x400628C0 W
0x400145C0 R
0x40062900 W
0x40014600 R
0x40062940 W
0x40014640 R
0x40062980 W
0x40014680 R
0x400629C0 W
0x400146C0 R
0x40062A00 W
0x40014700 R
0x40062A40 W
0x40014740 R
0x40014780 R
0x40062B40 W
0x400147C0 R
0x40062B80 W
0x40014800 R
0x40062BC0 W
0x40014840 R
0x40062C00 W
0x40014880 R
0x40062C40 W
0x400148C0 R
0x40062C80 W
0x40014900 R
0x40062CC0 W
0x40014940 R
0x40062D00 W
0x40014980 R
0x40062D40 W
0x400149C0 R
0x40014A00 R
0x40062E40 W
0x40014A40 R
0x40062E80 W
0x40014A80 R
0x40062EC0 W
0x40014AC0 R
0x40062F00 W
0x40014B00 R
0x40062F40 W
0x40014B40 R
0x40062F80 W
0x40014B80 R
0x40062FC0 W
0x40014BC0 R
0x40063000 W
0x40014C00 R
0x40063040 W
0x40014C40 R
0x40014C80 R
0x40063140 W
0x40014CC0 R
0x40063180 W
0x40014D00 R
0x400631C0 W
0x40014D40 R
0x40063200 W
0x40014D80 R
0x40063240 W
0x40014DC0 R
0x40063280 W
0x40014E00 R
0x400632C0 W
0x40014E40 R
0x40063300 W
0x40014E80 R
0x40063340 W
0x40014EC0 R
0x40014F00 R
0x40063440 W
0x40014F40 R
0x40063480 W
0x40014F80 R
0x400634C0 W
0x40014FC0 R
0x40063500 W
0x40015000 R
0x40063540 W
0x40015040 R
0x40063580 W
0x40015080 R
0x400635C0 W
0x400150C0 R
0x40063600 W
0x40015100 R
0x40063640 W
0x40015140 R
0x40015180 R
0x40063740 W
0x400151C0 R
0x40063780 W
0x40015200 R
0x400637C0 W
0x40015240 R
0x40063800 W
0x40015280 R
0x40063840 W
0x400152C0 R
0x40063880 W
0x40015300 R
0x400638C0 W
0x40015340 R
0x40063900 W
0x40015380 R
0x40063940 W
0x400153C0 R
0x40015400 R
0x40063A40 W
0x40015440 R
0x40063A80 W
0x40015480 R
0x40063AC0 W
0x400154C0 R
0x40063B00 W
0x40015500 R
0x40063B40 W
0x40015540 R
0x40063B80 W
0x40015580 R
0x40063BC0 W
0x400155C0 R
0x40063C00 W
0x40015600 R
0x40063C40 W
0x40015640 R
0x40015680 R
0x40063D40 W
0x400156C0 R
0x40063D80 W
0x40015700 R
0x40063DC0 W
0x40015740 R
0x40063E00 W
0x40015780 R
0x40063E40 W
0x400157C0 R
0x40063E80 W
0x40015800 R
0x40063EC0 W
0x40015840 R
0x40063F00 W
0x40015880 R
0x40063F40 W
0x400158C0 R
0x40015900 R
0x40064040 W
0x40015940 R
0x40064080 W
0x40015980 R
0x400640C0 W
0x400159C0 R
0x40064100 W
0x40015A00 R
0x40064140 W
0x40015A40 R
0x40064180 W
0x40015A80 R
0x400641C0 W
0x40015AC0 R
0x40064200 W
0x40015B00 R
0x40064240 W
0x40015B40 R
0x40015B80 R
0x40064340 W
0x40015BC0 R
0x40064380 W
0x40015C00 R
0x400643C0 W
0x40015C40 R
0x40064400 W
0x40015C80 R
0x40064440 W
0x40015CC0 R
0x40064480 W
0x40015D00 R
0x400644C0 W
0x40015D40 R
0x40064500 W
0x40015D80 R
0x40064540 W
0x40015DC0 R
0x40015E00 R
0x40064640 W
0x40015E40 R
0x40064680 W
0x40015E80 R
0x400646C0 W
0x40015EC0 R
0x40064700 W
0x40015F00 R
0x40064740 W
0x40015F40 R
0x40064780 W
0x40015F80 R
0x400647C0 W
0x40015FC0 R
0x40064800 W
0x40016000 R
0x40064840 W
0x40016040 R
0x40016080 R
0x40064940 W
0x400160C0 R
0x40064980 W
0x40016100 R
0x400649C0 W
0x40016140 R
0x40064A00 W
0x40016180 R
0x40064A40 W
0x400161C0 R
0x40064A80 W
0x40016200 R
0x40064AC0 W
0x40016240 R
0x40064B00 W
0x40016280 R
0x40064B40 W
0x400162C0 R
0x40016300 R
0x40064C40 W
0x40016340 R
0x40064C80 W
0x40016380 R
0x40064CC0 W
0x400163C0 R
0x40064D00 W
0x40016400 R
0x40064D40 W
0x40016440 R
0x40064D80 W
0x40016480 R
0x40064DC0 W
0x400164C0 R
0x40064E00 W
0x40016500 R
0x40064E40 W
0x40016540 R
0x40016580 R
0x40064F40 W
0x400165C0 R
0x40064F80 W
0x40016600 R
0x40064FC0 W
0x40016640 R
0x40065000 W
0x40016680 R
0x40065040 W
0x400166C0 R
0x40065080 W
0x40016700 R
0x400650C0 W
0x40016740 R
0x40065100 W
0x40016780 R
0x40065140 W
0x400167C0 R
0x40016800 R
0x40065240 W
0x40016840 R
0x40065280 W
0x40016880 R
0x400652C0 W
0x400168C0 R
0x40065300 W
0x40016900 R
0x40065340 W
0x40016940 R
0x40065380 W
0x40016980 R
0x400653C0 W
0x400169C0 R
0x40065400 W
0x40016A00 R
0x40065440 W
0x40016A40 R
0x40016A80 R
0x40065540 W
0x40016AC0 R
0x40065580 W
0x40016B00 R
0x400655C0 W
0x40016B40 R
0x40065600 W
0x40016B80 R
0x40065640 W
0x40016BC0 R
0x40065680 W
0x40016C00 R
0x400656C0 W
0x40016C40 R
0x40065700 W
0x40016C80 R
0x40065740 W
0x40016CC0 R
0x40016D00 R
0x40065840 W
0x40016D40 R
0x40065880 W
0x40016D80 R
0x400658C0 W
0x40016DC0 R
0x40065900 W
0x40016E00 R
0x40065940 W
0x40016E40 R
0x40065980 W
0x40016E80 R
0x400659C0 W
0x40016EC0 R
0x40065A00 W
0x40016F00 R
0x40065A40 W
0x40016F40 R
0x40016F80 R
0x40065B40 W
0x40016FC0 R
0x40065B80 W
0x40017000 R
0x40065BC0 W
0x40017040 R
0x40065C00 W
0x40017080 R
0x40065C40 W
0x400170C0 R
0x40065C80 W
0x40017100 R
0x40065CC0 W
0x40017140 R
0x40065D00 W
0x40017180 R
0x40065D40 W
0x400171C0 R
0x40017200 R
0x40065E40 W
0x40017240 R
0x40065E80 W
0x40017280 R
0x40065EC0 W
0x400172C0 R
0x40065F00 W
0x40017300 R
0x40065F40 W
0x40017340 R
0x40065F80 W
0x40017380 R
0x40065FC0 W
0x400173C0 R
0x40066000 W
0x40017400 R
0x40066040 W
0x40017440 R
0x40017480 R
0x40066140 W
0x400174C0 R
0x40066180 W
0x40017500 R
0x400661C0 W
0x40017540 R
0x40066200 W
0x40017580 R
0x40066240 W
0x400175C0 R
0x40066280 W
0x40017600 R
0x400662C0 W
0x40017640 R
0x40066300 W
0x40017680 R
0x40066340 W
0x400176C0 R
0x40017700 R
0x40066440 W
0x40017740 R
0x40066480 W
0x40017780 R
0x400664C0 W
0x400177C0 R
0x40066500 W
0x40017800 R
0x40066540 W
0x40017840 R
0x40066580 W
0x40017880 R
0x400665C0 W
0x400178C0 R
0x40066600 W
0x40017900 R
0x40066640 W
0x40017940 R
0x40017980 R
0x40066740 W
0x400179C0 R
0x40066780 W
0x40017A00 R
0x400667C0 W
0x40017A40 R
0x40066800 W
0x40017A80 R
0x40066840 W
0x40017AC0 R
0x40066880 W
0x40017B00 R
0x400668C0 W
0x40017B40 R
0x40066900 W
0x40017B80 R
0x40066940 W
0x40017BC0 R
0x40017C00 R
0x40066A40 W
0x40017C40 R
0x40066A80 W
0x40017C80 R
0x40066AC0 W
0x40017CC0 R
0x40066B00 W
0x40017D00 R
0x40066B40 W
0x40017D40 R
0x40066B80 W
0x40017D80 R
0x40066BC0 W
0x40017DC0 R
0x40066C00 W
0x40017E00 R
0x40066C40 W
0x40017E40 R
0x40017E80 R
0x40066D40 W
0x40017EC0 R
0x40066D80 W
0x40017F00 R
0x40066DC0 W
0x40017F40 R
0x40066E00 W
0x40017F80 R
0x40066E40 W
0x40017FC0 R
0x40066E80 W
0x40018000 R
0x40066EC0 W
0x40018040 R
0x40066F00 W
0x40018080 R
0x40066F40 W
0x400180C0 R
0x40018100 R
0x40067040 W
0x40018140 R
0x40067080 W
0x40018180 R
0x400670C0 W
0x400181C0 R
0x40067100 W
0x40018200 R
0x40067140 W
0x40018240 R
0x40067180 W
0x40018280 R
0x400671C0 W
0x400182C0 R
0x40067200 W
0x40018300 R
0x40067240 W
0x40018340 R
0x40018380 R
0x40067340 W
0x400183C0 R
0x40067380 W
0x40018400 R
0x400673C0 W
0x40018440 R
0x40067400 W
0x40018480 R
0x40067440 W
0x400184C0 R
0x40067480 W
0x40018500 R
0x400674C0 W
0x40018540 R
0x40067500 W
0x40018580 R
0x40067540 W
0x400185C0 R
0x40018600 R
0x40067640 W
0x40018640 R
0x40067680 W
0x40018680 R
0x400676C0 W
0x400186C0 R
0x40067700 W
0x40018700 R
0x40067740 W
0x40018740 R
0x40067780 W
0x40018780 R
0x400677C0 W
0x400187C0 R
0x40067800 W
0x40018800 R
0x40067840 W
0x40018840 R
0x40018880 R
0x40067940 W
0x400188C0 R
0x40067980 W
0x40018900 R
0x400679C0 W
0x40018940 R
0x40067A00 W
0x40018980 R
0x40067A40 W
0x400189C0 R
0x40067A80 W
0x40018A00 R
0x40067AC0 W
0x40018A40 R
0x40067B00 W
0x40018A80 R
0x40067B40 W
0x40018AC0 R
0x40018B00 R
0x40067C40 W
0x40018B40 R
0x40067C80 W
0x40018B80 R
0x40067CC0 W
0x40018BC0 R
0x40067D00 W
0x40018C00 R
0x40067D40 W
0x40018C40 R
0x40067D80 W
0x40018C80 R
0x40067DC0 W
0x40018CC0 R
0x40067E00 W
0x40018D00 R
0x40067E40 W
0x40018D40 R
0x40018D80 R
0x40067F40 W
0x40018DC0 R
0x40067F80 W
0x40018E00 R
0x40067FC0 W
0x40018E40 R
0x40068000 W
0x40018E80 R
0x40068040 W
0x40018EC0 R
0x40068080 W
0x40018F00 R
0x400680C0 W
0x40018F40 R
0x40068100 W
0x40018F80 R
0x40068140 W
0x40018FC0 R
0x40019000 R
0x40068240 W
0x40019040 R
0x40068280 W
0x40019080 R
0x400682C0 W
0x400190C0 R
0x40068300 W
0x40019100 R
0x40068340 W
0x40019140 R
0x40068380 W
0x40019180 R
0x400683C0 W
0x400191C0 R
0x40068400 W
0x40019200 R
0x40068440 W
0x40019240 R
0x40019280 R
0x40068540 W
0x400192C0 R
0x40068580 W
0x40019300 R
0x400685C0 W
0x40019340 R
0x40068600 W
0x40019380 R
0x40068640 W
0x400193C0 R
0x40068680 W
0x40019400 R
0x400686C0 W
0x40019440 R
0x40068700 W
0x40019480 R
0x40068740 W
0x400194C0 R
0x40019500 R
0x40068840 W
0x40019540 R
0x40068880 W
0x40019580 R
0x400688C0 W
0x400195C0 R
0x40068900 W
0x40019600 R
0x40068940 W
0x40019640 R
0x40068980 W
0x40019680 R
0x400689C0 W
0x400196C0 R
0x40068A00 W
0x40019700 R
0x40068A40 W
0x40019740 R
0x40019780 R
0x40068B40 W
0x400197C0 R
0x40068B80 W
0x40019800 R
0x40068BC0 W
0x40019840 R
0x40068C00 W
0x40019880 R
0x40068C40 W
0x400198C0 R
0x40068C80 W
0x40019900 R
0x40068CC0 W
0x40019940 R
0x40068D00 W
0x40019980 R
0x40068D40 W
0x400199C0 R
0x40019A00 R
0x40068E40 W
0x40019A40 R
0x40068E80 W
0x40019A80 R
0x40068EC0 W
0x40019AC0 R
0x40068F00 W
0x40019B00 R
0x40068F40 W
0x40019B40 R
0x40068F80 W
0x40019B80 R
0x40068FC0 W
0x40019BC0 R
0x40069000 W
0x40019C00 R
0x40069040 W
0x40019C40 R
0x40019C80 R
0x40069140 W
0x40019CC0 R
0x40069180 W
0x40019D00 R
0x400691C0 W
0x40019D40 R
0x40069200 W
0x40019D80 R
0x40069240 W
0x40019DC0 R
0x40069280 W
0x40019E00 R
0x400692C0 W
0x40019E40 R
0x40069300 W
0x40019E80 R
0x40069340 W
0x40019EC0 R
0x40019F00 R
0x40069440 W
0x40019F40 R
0x40069480 W
0x40019F80 R
0x400694C0 W
0x40019FC0 R
0x40069500 W
0x4001A000 R
0x40069540 W
0x4001A040 R
0x40069580 W
0x4001A080 R
0x400695C0 W
0x4001A0C0 R
0x40069600 W
0x4001A100 R
0x40069640 W
0x4001A140 R
0x4001A180 R
0x40069740 W
0x4001A1C0 R
0x40069780 W
0x4001A200 R
0x400697C0 W
0x4001A240 R
0x40069800 W
0x4001A280 R
0x40069840 W
0x4001A2C0 R
0x40069880 W
0x4001A300 R
0x400698C0 W
0x4001A340 R
0x40069900 W
0x4001A380 R
0x40069940 W
0x4001A3C0 R
0x4001A400 R
0x40069A40 W
0x4001A440 R
0x40069A80 W
0x4001A480 R
0x40069AC0 W
0x4001A4C0 R
0x40069B00 W
0x4001A500 R
0x40069B40 W
0x4001A540 R
0x40069B80 W
0x4001A580 R
0x40069BC0 W
0x4001A5C0 R
0x40069C00 W
0x4001A600 R
0x40069C40 W
0x4001A640 R
0x4001A680 R
0x40069D40 W
0x4001A6C0 R
0x40069D80 W
0x4001A700 R
0x40069DC0 W
0x4001A740 R
0x40069E00 W
0x4001A780 R
0x40069E40 W
0x4001A7C0 R
0x40069E80 W
0x4001A800 R
0x40069EC0 W
0x4001A840 R
0x40069F00 W
0x4001A880 R
0x40069F40 W
0x4001A8C0 R
0x4001A900 R
0x4006A040 W
0x4001A940 R
0x4006A080 W
0x4001A980 R
0x4006A0C0 W
0x4001A9C0 R
0x4006A100 W
0x4001AA00 R
0x4006A140 W
0x4001AA40 R
0x4006A180 W
0x4001AA80 R
0x4006A1C0 W
0x4001AAC0 R
0x4006A200 W
0x4001AB00 R
0x4006A240 W
0x4001AB40 R
0x4001AB80 R
0x4006A340 W
0x4001ABC0 R
0x4006A380 W
0x4001AC00 R
0x4006A3C0 W
0x4001AC40 R
0x4006A400 W
0x4001AC80 R
0x4006A440 W
0x4001ACC0 R
0x4006A480 W
0x4001AD00 R
0x4006A4C0 W
0x4001AD40 R
0x4006A500 W
0x4001AD80 R
0x4006A540 W
0x4001ADC0 R
0x4001AE00 R
0x4006A640 W
0x4001AE40 R
0x4006A680 W
0x4001AE80 R
0x4006A6C0 W
0x4001AEC0 R
0x4006A700 W
0x4001AF00 R
0x4006A740 W
0x4001AF40 R
0x4006A780 W
0x4001AF80 R
0x4006A7C0 W
0x4001AFC0 R
0x4006A800 W
0x4001B000 R
0x4006A840 W
0x4001B040 R
0x4001B080 R
0x4006A940 W
0x4001B0C0 R
0x4006A980 W
0x4001B100 R
0x4006A9C0 W
0x4001B140 R
0x4006AA00 W
0x4001B180 R
0x4006AA40 W
0x4001B1C0 R
0x4006AA80 W
0x4001B200 R
0x4006AAC0 W
0x4001B240 R
0x4006AB00 W
0x4001B280 R
0x4006AB40 W
0x4001B2C0 R
0x4001B300 R
0x4006AC40 W
0x4001B340 R
0x4006AC80 W
0x4001B380 R
0x4006ACC0 W
0x4001B3C0 R
0x4006AD00 W
0x4001B400 R
0x4006AD40 W
0x4001B440 R
0x4006AD80 W
0x4001B480 R
0x4006ADC0 W
0x4001B4C0 R
0x4006AE00 W
0x4001B500 R
0x4006AE40 W
0x4001B540 R
0x4001B580 R
0x4006AF40 W
0x4001B5C0 R
0x4006AF80 W
0x4001B600 R
0x4006AFC0 W
0x4001B640 R
0x4006B000 W
0x4001B680 R
0x4006B040 W
0x4001B6C0 R
0x4006B080 W
0x4001B700 R
0x4006B0C0 W
0x4001B740 R
0x4006B100 W
0x4001B780 R
0x4006B140 W
0x4001B7C0 R
0x4001B800 R
0x4006B240 W
0x4001B840 R
0x4006B280 W
0x4001B880 R
0x4006B2C0 W
0x4001B8C0 R
0x4006B300 W
0x4001B900 R
0x4006B340 W
0x4001B940 R
0x4006B380 W
0x4001B980 R
0x4006B3C0 W
0x4001B9C0 R
0x4006B400 W
0x4001BA00 R
0x4006B440 W
0x4001BA40 R
0x4001BA80 R
0x4006B540 W
0x4001BAC0 R
0x4006B580 W
0x4001BB00 R
0x4006B5C0 W
0x4001BB40 R
0x4006B600 W
0x4001BB80 R
0x4006B640 W
0x4001BBC0 R
0x4006B680 W
0x4001BC00 R
0x4006B6C0 W
0x4001BC40 R
0x4006B700 W
0x4001BC80 R
0x4006B740 W
0x4001BCC0 R
0x4001BD00 R
0x4006B840 W
0x4001BD40 R
0x4006B880 W
0x4001BD80 R
0x4006B8C0 W
0x4001BDC0 R
0x4006B900 W
0x4001BE00 R
0x4006B940 W
0x4001BE40 R
0x4006B980 W
0x4001BE80 R
0x4006B9C0 W
0x4001BEC0 R
0x4006BA00 W
0x4001BF00 R
0x4006BA40 W
0x4001BF40 R
0x4001BF80 R
0x4006BB40 W
0x4001BFC0 R
0x4006BB80 W
0x4001C000 R
0x4006BBC0 W
0x4001C040 R
0x4006BC00 W
0x4001C080 R
0x4006BC40 W
0x4001C0C0 R
0x4006BC80 W
0x4001C100 R
0x4006BCC0 W
0x4001C140 R
0x4006BD00 W
0x4001C180 R
0x4006BD40 W
0x4001C1C0 R
0x4001C200 R
0x4006BE40 W
0x4001C240 R
0x4006BE80 W
0x4001C280 R
0x4006BEC0 W
0x4001C2C0 R
0x4006BF00 W
0x4001C300 R
0x4006BF40 W
0x4001C340 R
0x4006BF80 W
0x4001C380 R
0x4006BFC0 W
0x4001C3C0 R
0x4006C000 W
0x4001C400 R
0x4006C040 W
0x4001C440 R
0x4001C480 R
0x4006C140 W
0x4001C4C0 R
0x4006C180 W
0x4001C500 R
0x4006C1C0 W
0x4001C540 R
0x4006C200 W
0x4001C580 R
0x4006C240 W
0x4001C5C0 R
0x4006C280 W
0x4001C600 R
0x4006C2C0 W
0x4001C640 R
0x4006C300 W
0x4001C680 R
0x4006C340 W
0x4001C6C0 R
0x4001C700 R
0x4006C440 W
0x4001C740 R
0x4006C480 W
0x4001C780 R
0x4006C4C0 W
0x4001C7C0 R
0x4006C500 W
0x4001C800 R
0x4006C540 W
0x4001C840 R
0x4006C580 W
0x4001C880 R
0x4006C5C0 W
0x4001C8C0 R
0x4006C600 W
0x4001C900 R
0x4006C640 W
0x4001C940 R
0x4001C980 R
0x4006C740 W
0x4001C9C0 R
0x4006C780 W
0x4001CA00 R
0x4006C7C0 W
0x4001CA40 R
0x4006C800 W
0x4001CA80 R
0x4006C840 W
0x4001CAC0 R
0x4006C880 W
0x4001CB00 R
0x4006C8C0 W
0x4001CB40 R
0x4006C900 W
0x4001CB80 R
0x4006C940 W
0x4001CBC0 R
0x4001CC00 R
0x4006CA40 W
0x4001CC40 R
0x4006CA80 W
0x4001CC80 R
0x4006CAC0 W
0x4001CCC0 R
0x4006CB00 W
0x4001CD00 R
0x4006CB40 W
0x4001CD40 R
0x4006CB80 W
0x4001CD80 R
0x4006CBC0 W
0x4001CDC0 R
0x4006CC00 W
0x4001CE00 R
0x4006CC40 W
0x4001CE40 R
0x4001CE80 R
0x4006CD40 W
0x4001CEC0 R
0x4006CD80 W
0x4001CF00 R
0x4006CDC0 W
0x4001CF40 R
0x4006CE00 W
0x4001CF80 R
0x4006CE40 W
0x4001CFC0 R
0x4006CE80 W
0x4001D000 R
0x4006CEC0 W
0x4001D040 R
0x4006CF00 W
0x4001D080 R
0x4006CF40 W
0x4001D0C0 R
0x4001D100 R
0x4006D040 W
0x4001D140 R
0x4006D080 W
0x4001D180 R
0x4006D0C0 W
0x4001D1C0 R
0x4006D100 W
0x4001D200 R
0x4006D140 W
0x4001D240 R
0x4006D180 W
0x4001D280 R
0x4006D1C0 W
0x4001D2C0 R
0x4006D200 W
0x4001D300 R
0x4006D240 W
0x4001D340 R
0x4001D380 R
0x4006D340 W
0x4001D3C0 R
0x4006D380 W
0x4001D400 R
0x4006D3C0 W
0x4001D440 R
0x4006D400 W
0x4001D480 R
0x4006D440 W
0x4001D4C0 R
0x4006D480 W
0x4001D500 R
0x4006D4C0 W
0x4001D540 R
0x4006D500 W
0x4001D580 R
0x4006D540 W
0x4001D5C0 R
0x4001D600 R
0x4006D640 W
0x4001D640 R
0x4006D680 W
0x4001D680 R
0x4006D6C0 W
0x4001D6C0 R
0x4006D700 W
0x4001D700 R
0x4006D740 W
0x4001D740 R
0x4006D780 W
0x4001D780 R
0x4006D7C0 W
0x4001D7C0 R
0x4006D800 W
0x4001D800 R
0x4006D840 W
0x4001D840 R
0x4001D880 R
0x4006D940 W
0x4001D8C0 R
0x4006D980 W
0x4001D900 R
0x4006D9C0 W
0x4001D940 R
0x4006DA00 W
0x4001D980 R
0x4006DA40 W
0x4001D9C0 R
0x4006DA80 W
0x4001DA00 R
0x4006DAC0 W
0x4001DA40 R
0x4006DB00 W
0x4001DA80 R
0x4006DB40 W
0x4001DAC0 R
0x4001DB00 R
0x4006DC40 W
0x4001DB40 R
0x4006DC80 W
0x4001DB80 R
0x4006DCC0 W
0x4001DBC0 R
0x4006DD00 W
0x4001DC00 R
0x4006DD40 W
0x4001DC40 R
0x4006DD80 W
0x4001DC80 R
0x4006DDC0 W
0x4001DCC0 R
0x4006DE00 W
0x4001DD00 R
0x4006DE40 W
0x4001DD40 R
0x4001DD80 R
0x4006DF40 W
0x4001DDC0 R
0x4006DF80 W
0x4001DE00 R
0x4006DFC0 W
0x4001DE40 R
0x4006E000 W
0x4001DE80 R
0x4006E040 W
0x4001DEC0 R
0x4006E080 W
0x4001DF00 R
0x4006E0C0 W
0x4001DF40 R
0x4006E100 W
0x4001DF80 R
0x4006E140 W
0x4001DFC0 R
0x4001E000 R
0x4006E240 W
0x4001E040 R
0x4006E280 W
0x4001E080 R
0x4006E2C0 W
0x4001E0C0 R
0x4006E300 W
0x4001E100 R
0x4006E340 W
0x4001E140 R
0x4006E380 W
0x4001E180 R
0x4006E3C0 W
0x4001E1C0 R
0x4006E400 W
0x4001E200 R
0x4006E440 W
0x4001E240 R
0x4001E280 R
0x4006E540 W
0x4001E2C0 R
0x4006E580 W
0x4001E300 R
0x4006E5C0 W
0x4001E340 R
0x4006E600 W
0x4001E380 R
0x4006E640 W
0x4001E3C0 R
0x4006E680 W
0x4001E400 R
0x4006E6C0 W
0x4001E440 R
0x4006E700 W
0x4001E480 R
0x4006E740 W
0x4001E4C0 R
0x4001E500 R
0x4006E840 W
0x4001E540 R
0x4006E880 W
0x4001E580 R
0x4006E8C0 W
0x4001E5C0 R
0x4006E900 W
0x4001E600 R
0x4006E940 W
0x4001E640 R
0x4006E980 W
0x4001E680 R
0x4006E9C0 W
0x4001E6C0 R
0x4006EA00 W
0x4001E700 R
0x4006EA40 W
0x4001E740 R
0x4001E780 R
0x4006EB40 W
0x4001E7C0 R
0x4006EB80 W
0x4001E800 R
0x4006EBC0 W
0x4001E840 R
0x4006EC00 W
0x4001E880 R
0x4006EC40 W
0x4001E8C0 R
0x4006EC80 W
0x4001E900 R
0x4006ECC0 W
0x4001E940 R
0x4006ED00 W
0x4001E980 R
0x4006ED40 W
0x4001E9C0 R
0x4001EA00 R
0x4006EE40 W
0x4001EA40 R
0x4006EE80 W
0x4001EA80 R
0x4006EEC0 W
0x4001EAC0 R
0x4006EF00 W
0x4001EB00 R
0x4006EF40 W
0x4001EB40 R
0x4006EF80 W
0x4001EB80 R
0x4006EFC0 W
0x4001EBC0 R
0x4006F000 W
0x4001EC00 R
0x4006F040 W
0x4001EC40 R
0x4001EC80 R
0x4006F140 W
0x4001ECC0 R
0x4006F180 W
0x4001ED00 R
0x4006F1C0 W
0x4001ED40 R
0x4006F200 W
0x4001ED80 R
0x4006F240 W
0x4001EDC0 R
0x4006F280 W
0x4001EE00 R
0x4006F2C0 W
0x4001EE40 R
0x4006F300 W
0x4001EE80 R
0x4006F340 W
0x4001EEC0 R
0x4001EF00 R
0x4006F440 W
0x4001EF40 R
0x4006F480 W
0x4001EF80 R
0x4006F4C0 W
0x4001EFC0 R
0x4006F500 W
0x4001F000 R
0x4006F540 W
0x4001F040 R
0x4006F580 W
0x4001F080 R
0x4006F5C0 W
0x4001F0C0 R
0x4006F600 W
0x4001F100 R
0x4006F640 W
0x4001F140 R
0x4001F180 R
0x4006F740 W
0x4001F1C0 R
0x4006F780 W
0x4001F200 R
0x4006F7C0 W
0x4001F240 R
0x4006F800 W
0x4001F280 R
0x4006F840 W
0x4001F2C0 R
0x4006F880 W
0x4001F300 R
0x4006F8C0 W
0x4001F340 R
0x4006F900 W
0x4001F380 R
0x4006F940 W
0x4001F3C0 R
0x4001F400 R
0x4006FA40 W
0x4001F440 R
0x4006FA80 W
0x4001F480 R
0x4006FAC0 W
0x4001F4C0 R
0x4006FB00 W
0x4001F500 R
0x4006FB40 W
0x4001F540 R
0x4006FB80 W
0x4001F580 R
0x4006FBC0 W
0x4001F5C0 R
0x4006FC00 W
0x4001F600 R
0x4006FC40 W
0x4001F640 R
0x4001F680 R
0x4006FD40 W
0x4001F6C0 R
0x4006FD80 W
0x4001F700 R
0x4006FDC0 W
0x4001F740 R
0x4006FE00 W
0x4001F780 R
0x4006FE40 W
0x4001F7C0 R
0x4006FE80 W
0x4001F800 R
0x4006FEC0 W
0x4001F840 R
0x4006FF00 W
0x4001F880 R
0x4006FF40 W
0x4001F8C0 R
0x4001F900 R
0x40070040 W
0x4001F940 R
0x40070080 W
0x4001F980 R
0x400700C0 W
0x4001F9C0 R
0x40070100 W
0x4001FA00 R
0x40070140 W
0x4001FA40 R
0x40070180 W
0x4001FA80 R
0x400701C0 W
0x4001FAC0 R
0x40070200 W
0x4001FB00 R
0x40070240 W
0x4001FB40 R
0x4001FB80 R
0x40070340 W
0x4001FBC0 R
0x40070380 W
0x4001FC00 R
0x400703C0 W
0x4001FC40 R
0x40070400 W
0x4001FC80 R
0x40070440 W
0x4001FCC0 R
0x40070480 W
0x4001FD00 R
0x400704C0 W
0x4001FD40 R
0x40070500 W
0x4001FD80 R
0x40070540 W
0x4001FDC0 R
0x4001FE00 R
0x40070640 W
0x4001FE40 R
0x40070680 W
0x4001FE80 R
0x400706C0 W
0x4001FEC0 R
0x40070700 W
0x4001FF00 R
0x40070740 W
0x4001FF40 R
0x40070780 W
0x4001FF80 R
0x400707C0 W
0x4001FFC0 R
0x40070800 W
0x40020000 R
0x40070840 W
0x40020040 R
0x40020080 R
0x40070940 W
0x400200C0 R
0x40070980 W
0x40020100 R
0x400709C0 W
0x40020140 R
0x40070A00 W
0x40020180 R
0x40070A40 W
0x400201C0 R
0x40070A80 W
0x40020200 R
0x40070AC0 W
0x40020240 R
0x40070B00 W
0x40020280 R
0x40070B40 W
0x400202C0 R
0x40020300 R
0x40070C40 W
0x40020340 R
0x40070C80 W
0x40020380 R
0x40070CC0 W
0x400203C0 R
0x40070D00 W
0x40020400 R
0x40070D40 W
0x40020440 R
0x40070D80 W
0x40020480 R
0x40070DC0 W
0x400204C0 R
0x40070E00 W
0x40020500 R
0x40070E40 W
0x40020540 R
0x40020580 R
0x40070F40 W
0x400205C0 R
0x40070F80 W
0x40020600 R
0x40070FC0 W
0x40020640 R
0x40071000 W
0x40020680 R
0x40071040 W
0x400206C0 R
0x40071080 W
0x40020700 R
0x400710C0 W
0x40020740 R
0x40071100 W
0x40020780 R
0x40071140 W
0x400207C0 R
0x40020800 R
0x40071240 W
0x40020840 R
0x40071280 W
0x40020880 R
0x400712C0 W
0x400208C0 R
0x40071300 W
0x40020900 R
0x40071340 W
0x40020940 R
0x40071380 W
0x40020980 R
0x400713C0 W
0x400209C0 R
0x40071400 W
0x40020A00 R
0x40071440 W
0x40020A40 R
0x40020A80 R
0x40071540 W
0x40020AC0 R
0x40071580 W
0x40020B00 R
0x400715C0 W
0x40020B40 R
0x40071600 W
0x40020B80 R
0x40071640 W
0x40020BC0 R
0x40071680 W
0x40020C00 R
0x400716C0 W
0x40020C40 R
0x40071700 W
0x40020C80 R
0x40071740 W
0x40020CC0 R
0x40020D00 R
0x40071840 W
0x40020D40 R
0x40071880 W
0x40020D80 R
0x400718C0 W
0x40020DC0 R
0x40071900 W
0x40020E00 R
0x40071940 W
0x40020E40 R
0x40071980 W
0x40020E80 R
0x400719C0 W
0x40020EC0 R
0x40071A00 W
0x40020F00 R
0x40071A40 W
0x40020F40 R
0x40020F80 R
0x40071B40 W
0x40020FC0 R
0x40071B80 W
0x40021000 R
0x40071BC0 W
0x40021040 R
0x40071C00 W
0x40021080 R
0x40071C40 W
0x400210C0 R
0x40071C80 W
0x40021100 R
0x40071CC0 W
0x40021140 R
0x40071D00 W
0x40021180 R
0x40071D40 W
0x400211C0 R
0x40021200 R
0x40071E40 W
0x40021240 R
0x40071E80 W
0x40021280 R
0x40071EC0 W
0x400212C0 R
0x40071F00 W
0x40021300 R
0x40071F40 W
0x40021340 R
0x40071F80 W
0x40021380 R
0x40071FC0 W
0x400213C0 R
0x40072000 W
0x40021400 R
0x40072040 W
0x40021440 R
0x40021480 R
0x40072140 W
0x400214C0 R
0x40072180 W
0x40021500 R
0x400721C0 W
0x40021540 R
0x40072200 W
0x40021580 R
0x40072240 W
0x400215C0 R
0x40072280 W
0x40021600 R
0x400722C0 W
0x40021640 R
0x40072300 W
0x40021680 R
0x40072340 W
0x400216C0 R
0x40021700 R
0x40072440 W
0x40021740 R
0x40072480 W
0x40021780 R
0x400724C0 W
0x400217C0 R
0x40072500 W
0x40021800 R
0x40072540 W
0x40021840 R
0x40072580 W
0x40021880 R
0x400725C0 W
0x400218C0 R
0x40072600 W
0x40021900 R
0x40072640 W
0x40021940 R
0x40021980 R
0x40072740 W
0x400219C0 R
0x40072780 W
0x40021A00 R
0x400727C0 W
0x40021A40 R
0x40072800 W
0x40021A80 R
0x40072840 W
0x40021AC0 R
0x40072880 W
0x40021B00 R
0x400728C0 W
0x40021B40 R
0x40072900 W
0x40021B80 R
0x40072940 W
0x40021BC0 R
0x40021C00 R
0x40072A40 W
0x40021C40 R
0x40072A80 W
0x40021C80 R
0x40072AC0 W
0x40021CC0 R
0x40072B00 W
0x40021D00 R
0x40072B40 W
0x40021D40 R
0x40072B80 W
0x40021D80 R
0x40072BC0 W
0x40021DC0 R
0x40072C00 W
0x40021E00 R
0x40072C40 W
0x40021E40 R
0x40021E80 R
0x40072D40 W
0x40021EC0 R
0x40072D80 W
0x40021F00 R
0x40072DC0 W
0x40021F40 R
0x40072E00 W
0x40021F80 R
0x40072E40 W
0x40021FC0 R
0x40072E80 W
0x40022000 R
0x40072EC0 W
0x40022040 R
0x40072F00 W
0x40022080 R
0x40072F40 W
0x400220C0 R
0x40022100 R
0x40073040 W
0x40022140 R
0x40073080 W
0x40022180 R
0x400730C0 W
0x400221C0 R
0x40073100 W
0x40022200 R
0x40073140 W
0x40022240 R
0x40073180 W
0x40022280 R
0x400731C0 W
0x400222C0 R
0x40073200 W
0x40022300 R
0x40073240 W
0x40022340 R
0x40022380 R
0x40073340 W
0x400223C0 R
0x40073380 W
0x40022400 R
0x400733C0 W
0x40022440 R
0x40073400 W
0x40022480 R
0x40073440 W
0x400224C0 R
0x40073480 W
0x40022500 R
0x400734C0 W
0x40022540 R
0x40073500 W
0x40022580 R
0x40073540 W
0x400225C0 R
0x40022600 R
0x40073640 W
0x40022640 R
0x40073680 W
0x40022680 R
0x400736C0 W
0x400226C0 R
0x40073700 W
0x40022700 R
0x40073740 W
0x40022740 R
0x40073780 W
0x40022780 R
0x400737C0 W
0x400227C0 R
0x40073800 W
0x40022800 R
0x40073840 W
0x40022840 R
0x40022880 R
0x40073940 W
0x400228C0 R
0x40073980 W
0x40022900 R
0x400739C0 W
0x40022940 R
0x40073A00 W
0x40022980 R
0x40073A40 W
0x400229C0 R
0x40073A80 W
0x40022A00 R
0x40073AC0 W
0x40022A40 R
0x40073B00 W
0x40022A80 R
0x40073B40 W
0x40022AC0 R
0x40022B00 R
0x40073C40 W
0x40022B40 R
0x40073C80 W
0x40022B80 R
0x40073CC0 W
0x40022BC0 R
0x40073D00 W
0x40022C00 R
0x40073D40 W
0x40022C40 R
0x40073D80 W
0x40022C80 R
0x40073DC0 W
0x40022CC0 R
0x40073E00 W
0x40022D00 R
0x40073E40 W
0x40022D40 R
0x40022D80 R
0x40073F40 W
0x40022DC0 R
0x40073F80 W
0x40022E00 R
0x40073FC0 W
0x40022E40 R
0x40074000 W
0x40022E80 R
0x40074040 W
0x40022EC0 R
0x40074080 W
0x40022F00 R
0x400740C0 W
0x40022F40 R
0x40074100 W
0x40022F80 R
0x40074140 W
0x40022FC0 R
0x40023000 R
0x40074240 W
0x40023040 R
0x40074280 W
0x40023080 R
0x400742C0 W
0x400230C0 R
0x40074300 W
0x40023100 R
0x40074340 W
0x40023140 R
0x40074380 W
0x40023180 R
0x400743C0 W
0x400231C0 R
0x40074400 W
0x40023200 R
0x40074440 W
0x40023240 R
0x40023280 R
0x40074540 W
0x400232C0 R
0x40074580 W
0x40023300 R
0x400745C0 W
0x40023340 R
0x40074600 W
0x40023380 R
0x40074640 W
0x400233C0 R
0x40074680 W
0x40023400 R
0x400746C0 W
0x40023440 R
0x40074700 W
0x40023480 R
0x40074740 W
0x400234C0 R
0x40023500 R
0x40074840 W
0x40023540 R
0x40074880 W
0x40023580 R
0x400748C0 W
0x400235C0 R
0x40074900 W
0x40023600 R
0x40074940 W
0x40023640 R
0x40074980 W
0x40023680 R
0x400749C0 W
0x400236C0 R
0x40074A00 W
0x40023700 R
0x40074A40 W
0x40023740 R
0x40023780 R
0x40074B40 W
0x400237C0 R
0x40074B80 W
0x40023800 R
0x40074BC0 W
0x40023840 R
0x40074C00 W
0x40023880 R
0x40074C40 W
0x400238C0 R
0x40074C80 W
0x40023900 R
0x40074CC0 W
0x40023940 R
0x40074D00 W
0x40023980 R
0x40074D40 W
0x400239C0 R
0x40023A00 R
0x40074E40 W
0x40023A40 R
0x40074E80 W
0x40023A80 R
0x40074EC0 W
0x40023AC0 R
0x40074F00 W
0x40023B00 R
0x40074F40 W
0x40023B40 R
0x40074F80 W
0x40023B80 R
0x40074FC0 W
0x40023BC0 R
0x40075000 W
0x40023C00 R
0x40075040 W
0x40023C40 R
0x40023C80 R
0x40075140 W
0x40023CC0 R
0x40075180 W
0x40023D00 R
0x400751C0 W
0x40023D40 R
0x40075200 W
0x40023D80 R
0x40075240 W
0x40023DC0 R
0x40075280 W
0x40023E00 R
0x400752C0 W
0x40023E40 R
0x40075300 W
0x40023E80 R
0x40075340 W
0x40023EC0 R
0x40023F00 R
0x40075440 W
0x40023F40 R
0x40075480 W
0x40023F80 R
0x400754C0 W
0x40023FC0 R
0x40075500 W
0x40024000 R
0x40075540 W
0x40024040 R
0x40075580 W
0x40024080 R
0x400755C0 W
0x400240C0 R
0x40075600 W
0x40024100 R
0x40075640 W
0x40024140 R
0x40024180 R
0x40075740 W
0x400241C0 R
0x40075780 W
0x40024200 R
0x400757C0 W
0x40024240 R
0x40075800 W
0x40024280 R
0x40075840 W
0x400242C0 R
0x40075880 W
0x40024300 R
0x400758C0 W
0x40024340 R
0x40075900 W
0x40024380 R
0x40075940 W
0x400243C0 R
0x40024400 R
0x40075A40 W
0x40024440 R
0x40075A80 W
0x40024480 R
0x40075AC0 W
0x400244C0 R
0x40075B00 W
0x40024500 R
0x40075B40 W
0x40024540 R
0x40075B80 W
0x40024580 R
0x40075BC0 W
0x400245C0 R
0x40075C00 W
0x40024600 R
0x40075C40 W
0x40024640 R
0x40024680 R
0x40075D40 W
0x400246C0 R
0x40075D80 W
0x40024700 R
0x40075DC0 W
0x40024740 R
0x40075E00 W
0x40024780 R
0x40075E40 W
0x400247C0 R
0x40075E80 W
0x40024800 R
0x40075EC0 W
0x40024840 R
0x40075F00 W
0x40024880 R
0x40075F40 W
0x400248C0 R
0x40024900 R
0x40076040 W
0x40024940 R
0x40076080 W
0x40024980 R
0x400760C0 W
0x400249C0 R
0x40076100 W
0x40024A00 R
0x40076140 W
0x40024A40 R
0x40076180 W
0x40024A80 R
0x400761C0 W
0x40024AC0 R
0x40076200 W
0x40024B00 R
0x40076240 W
0x40024B40 R
0x40024B80 R
0x40076340 W
0x40024BC0 R
0x40076380 W
0x40024C00 R
0x400763C0 W
0x40024C40 R
0x40076400 W
0x40024C80 R
0x40076440 W
0x40024CC0 R
0x40076480 W
0x40024D00 R
0x400764C0 W
0x40024D40 R
0x40076500 W
0x40024D80 R
0x40076540 W
0x40024DC0 R
0x40024E00 R
0x40076640 W
0x40024E40 R
0x40076680 W
0x40024E80 R
0x400766C0 W
0x40024EC0 R
0x40076700 W
0x40024F00 R
0x40076740 W
0x40024F40 R
0x40076780 W
0x40024F80 R
0x400767C0 W
0x40024FC0 R
0x40076800 W
0x40025000 R
0x40076840 W
0x40025040 R
0x40025080 R
0x40076940 W
0x400250C0 R
0x40076980 W
0x40025100 R
0x400769C0 W
0x40025140 R
0x40076A00 W
0x40025180 R
0x40076A40 W
0x400251C0 R
0x40076A80 W
0x40025200 R
0x40076AC0 W
0x40025240 R
0x40076B00 W
0x40025280 R
0x40076B40 W
0x400252C0 R
0x40025300 R
0x40076C40 W
0x40025340 R
0x40076C80 W
0x40025380 R
0x40076CC0 W
0x400253C0 R
0x40076D00 W
0x40025400 R
0x40076D40 W
0x40025440 R
0x40076D80 W
0x40025480 R
0x40076DC0 W
0x400254C0 R
0x40076E00 W
0x40025500 R
0x40076E40 W
0x40025540 R
0x40025580 R
0x40076F40 W
0x400255C0 R
0x40076F80 W
0x40025600 R
0x40076FC0 W
0x40025640 R
0x40077000 W
0x40025680 R
0x40077040 W
0x400256C0 R
0x40077080 W
0x40025700 R
0x400770C0 W
0x40025740 R
0x40077100 W
0x40025780 R
0x40077140 W
0x400257C0 R
0x40025800 R
0x40077240 W
0x40025840 R
0x40077280 W
0x40025880 R
0x400772C0 W
0x400258C0 R
0x40077300 W
0x40025900 R
0x40077340 W
0x40025940 R
0x40077380 W
0x40025980 R
0x400773C0 W
0x400259C0 R
0x40077400 W
0x40025A00 R
0x40077440 W
0x40025A40 R
0x40025A80 R
0x40077540 W
0x40025AC0 R
0x40077580 W
0x40025B00 R
0x400775C0 W
0x40025B40 R
0x40077600 W
0x40025B80 R
0x40077640 W
0x40025BC0 R
0x40077680 W
0x40025C00 R
0x400776C0 W
0x40025C40 R
0x40077700 W
0x40025C80 R
0x40077740 W
0x40025CC0 R
0x40025D00 R
0x40077840 W
0x40025D40 R
0x40077880 W
0x40025D80 R
0x400778C0 W
0x40025DC0 R
0x40077900 W
0x40025E00 R
0x40077940 W
0x40025E40 R
0x40077980 W
0x40025E80 R
0x400779C0 W
0x40025EC0 R
0x40077A00 W
0x40025F00 R
0x40077A40 W
0x40025F40 R
0x40025F80 R
0x40077B40 W
0x40025FC0 R
0x40077B80 W
0x40026000 R
0x40077BC0 W
0x40026040 R
0x40077C00 W
0x40026080 R
0x40077C40 W
0x400260C0 R
0x40077C80 W
0x40026100 R
0x40077CC0 W
0x40026140 R
0x40077D00 W
0x40026180 R
0x40077D40 W
0x400261C0 R
0x40026200 R
0x40077E40 W
0x40026240 R
0x40077E80 W
0x40026280 R
0x40077EC0 W
0x400262C0 R
0x40077F00 W
0x40026300 R
0x40077F40 W
0x40026340 R
0x40077F80 W
0x40026380 R
0x40077FC0 W
0x400263C0 R
0x40078000 W
0x40026400 R
0x40078040 W
0x40026440 R
0x40026480 R
0x40078140 W
0x400264C0 R
0x40078180 W
0x40026500 R
0x400781C0 W
0x40026540 R
0x40078200 W
0x40026580 R
0x40078240 W
0x400265C0 R
0x40078280 W
0x40026600 R
0x400782C0 W
0x40026640 R
0x40078300 W
0x40026680 R
0x40078340 W
0x400266C0 R
0x40026700 R
0x40078440 W
0x40026740 R
0x40078480 W
0x40026780 R
0x400784C0 W
0x400267C0 R
0x40078500 W
0x40026800 R
0x40078540 W
0x40026840 R
0x40078580 W
0x40026880 R
0x400785C0 W
0x400268C0 R
0x40078600 W
0x40026900 R
0x40078640 W
0x40026940 R
0x40026980 R
0x40078740 W
0x400269C0 R
0x40078780 W
0x40026A00 R
0x400787C0 W
0x40026A40 R
0x40078800 W
0x40026A80 R
0x40078840 W
0x40026AC0 R
0x40026B00 R
0x400788C0 W
0x40026B40 R
0x40078900 W
0x40026B80 R
0x40078940 W
0x40026BC0 R
0x40026C00 R
0x40078A40 W
0x40026C40 R
0x40078A80 W
0x40026C80 R
0x40078AC0 W
0x40026CC0 R
0x40078B00 W
0x40026D00 R
0x40078B40 W
0x40026D40 R
0x40078B80 W
0x40026D80 R
0x40078BC0 W
0x40026DC0 R
0x40078C00 W
0x40026E00 R
0x40078C40 W
0x40026E40 R
0x40026E80 R
0x40078D40 W
0x40026EC0 R
0x40078D80 W
0x40026F00 R
0x40078DC0 W
0x40026F40 R
0x40078E00 W
0x40026F80 R
0x40078E40 W
0x40026FC0 R
0x40078E80 W
0x40027000 R
0x40078EC0 W
0x40027040 R
0x40078F00 W
0x40027080 R
0x40078F40 W
0x400270C0 R
0x40027100 R
0x40079040 W
0x40027140 R
0x40079080 W
0x40027180 R
0x400790C0 W
0x400271C0 R
0x40079100 W
0x40027200 R
0x40079140 W
0x40027240 R
0x40079180 W
0x40027280 R
0x400791C0 W
0x400272C0 R
0x40079200 W
0x40027300 R
0x40079240 W
0x40027340 R
0x40027380 R
0x40079340 W
0x400273C0 R
0x40079380 W
0x40027400 R
0x400793C0 W
0x40027440 R
0x40079400 W
0x40027480 R
0x40079440 W
0x400274C0 R
0x40079480 W
0x40027500 R
0x400794C0 W
0x40027540 R
0x40079500 W
0x40027580 R
0x40079540 W
0x400275C0 R
0x40027600 R
0x40079640 W
0x40027640 R
0x40079680 W
0x40027680 R
0x400796C0 W
0x400276C0 R
0x40079700 W
0x40027700 R
0x40079740 W
0x40027740 R
0x40079780 W
0x40027780 R
0x400797C0 W
0x400277C0 R
0x40079800 W
0x40027800 R
0x40079840 W
0x40027840 R
0x40027880 R
0x40079940 W
0x400278C0 R
0x40079980 W
0x40027900 R
0x400799C0 W
0x40027940 R
0x40079A00 W
0x40027980 R
0x40079A40 W
0x400279C0 R
0x40079A80 W
0x40027A00 R
0x40079AC0 W
0x40027A40 R
0x40079B00 W
0x40027A80 R
0x40079B40 W
0x40027AC0 R
0x40027B00 R
0x40079C40 W
0x40027B40 R
0x40079C80 W
0x40027B80 R
0x40079CC0 W
0x40027BC0 R
0x40079D00 W
0x40027C00 R
0x40079D40 W
0x40027C40 R
0x40079D80 W
0x40027C80 R
0x40079DC0 W
0x40027CC0 R
0x40079E00 W
0x40027D00 R
0x40079E40 W
0x40027D40 R
0x40027D80 R
0x40079F40 W
0x40027DC0 R
0x40079F80 W
0x40027E00 R
0x40079FC0 W
0x40027E40 R
0x4007A000 W
0x40027E80 R
0x4007A040 W
0x40027EC0 R
0x4007A080 W
0x40027F00 R
0x4007A0C0 W
0x40027F40 R
0x4007A100 W
0x40027F80 R
0x4007A140 W
0x40027FC0 R
0x40028000 R
0x4007A240 W
0x40028040 R
0x4007A280 W
0x40028080 R
0x4007A2C0 W
0x400280C0 R
0x4007A300 W
0x40028100 R
0x4007A340 W
0x40028140 R
0x4007A380 W
0x40028180 R
0x4007A3C0 W
0x400281C0 R
0x4007A400 W
0x40028200 R
0x4007A440 W
0x40028240 R
0x40028280 R
0x4007A540 W
0x400282C0 R
0x4007A580 W
0x40028300 R
0x4007A5C0 W
0x40028340 R
0x4007A600 W
0x40028380 R
0x4007A640 W
0x400283C0 R
0x4007A680 W
0x40028400 R
0x4007A6C0 W
0x40028440 R
0x4007A700 W
0x40028480 R
0x4007A740 W
0x400284C0 R
0x40028500 R
0x4007A840 W
0x40028540 R
0x4007A880 W
0x40028580 R
0x4007A8C0 W
0x400285C0 R
0x4007A900 W
0x40028600 R
0x4007A940 W
0x40028640 R
0x4007A980 W
0x40028680 R
0x4007A9C0 W
0x400286C0 R
0x4007AA00 W
0x40028700 R
0x4007AA40 W
0x40028740 R
0x40028780 R
0x4007AB40 W
0x400287C0 R
0x4007AB80 W
0x40028800 R
0x4007ABC0 W
0x40028840 R
0x4007AC00 W
0x40028880 R
0x4007AC40 W
0x400288C0 R
0x4007AC80 W
0x40028900 R
0x4007ACC0 W
0x40028940 R
0x4007AD00 W
0x40028980 R
0x4007AD40 W
0x400289C0 R
0x40028A00 R
0x4007AE40 W
0x40028A40 R
0x4007AE80 W
0x40028A80 R
0x4007AEC0 W
0x40028AC0 R
0x4007AF00 W
0x40028B00 R
0x4007AF40 W
0x40028B40 R
0x4007AF80 W
0x40028B80 R
0x4007AFC0 W
0x40028BC0 R
0x4007B000 W
0x40028C00 R
0x4007B040 W
0x40028C40 R
0x40028C80 R
0x4007B140 W
0x40028CC0 R
0x4007B180 W
0x40028D00 R
0x4007B1C0 W
0x40028D40 R
0x4007B200 W
0x40028D80 R
0x4007B240 W
0x40028DC0 R
0x4007B280 W
0x40028E00 R
0x4007B2C0 W
0x40028E40 R
0x4007B300 W
0x40028E80 R
0x4007B340 W
0x40028EC0 R
0x40028F00 R
0x4007B440 W
0x40028F40 R
0x4007B480 W
0x40028F80 R
0x4007B4C0 W
0x40028FC0 R
0x4007B500 W
0x40029000 R
0x4007B540 W
0x40029040 R
0x4007B580 W
0x40029080 R
0x4007B5C0 W
0x400290C0 R
0x4007B600 W
0x40029100 R
0x4007B640 W
0x40029140 R
0x40029180 R
0x4007B740 W
0x400291C0 R
0x4007B780 W
0x40029200 R
0x4007B7C0 W
0x40029240 R
0x4007B800 W
0x40029280 R
0x4007B840 W
0x400292C0 R
0x4007B880 W
0x40029300 R
0x4007B8C0 W
0x40029340 R
0x4007B900 W
0x40029380 R
0x4007B940 W
0x400293C0 R
0x40029400 R
0x4007BA40 W
0x40029440 R
0x4007BA80 W
0x40029480 R
0x4007BAC0 W
0x400294C0 R
0x4007BB00 W
0x40029500 R
0x4007BB40 W
0x40029540 R
0x4007BB80 W
0x40029580 R
0x4007BBC0 W
0x400295C0 R
0x4007BC00 W
0x40029600 R
0x4007BC40 W
0x40029640 R
0x40029680 R
0x4007BD40 W
0x400296C0 R
0x4007BD80 W
0x40029700 R
0x4007BDC0 W
0x40029740 R
0x4007BE00 W
0x40029780 R
0x4007BE40 W
0x400297C0 R
0x4007BE80 W
0x40029800 R
0x4007BEC0 W
0x40029840 R
0x4007BF00 W
0x40029880 R
0x4007BF40 W
0x400298C0 R
0x40029900 R
0x4007C040 W
0x40029940 R
0x4007C080 W
0x40029980 R
0x4007C0C0 W
0x400299C0 R
0x4007C100 W
0x40029A00 R
0x4007C140 W
0x40029A40 R
0x4007C180 W
0x40029A80 R
0x4007C1C0 W
0x40029AC0 R
0x4007C200 W
0x40029B00 R
0x4007C240 W
0x40029B40 R
0x40029B80 R
0x4007C340 W
0x40029BC0 R
0x4007C380 W
0x40029C00 R
0x4007C3C0 W
0x40029C40 R
0x4007C400 W
0x40029C80 R
0x4007C440 W
0x40029CC0 R
0x4007C480 W
0x40029D00 R
0x4007C4C0 W
0x40029D40 R
0x4007C500 W
0x40029D80 R
0x4007C540 W
0x40029DC0 R
0x40029E00 R
0x4007C640 W
0x40029E40 R
0x4007C680 W
0x40029E80 R
0x4007C6C0 W
0x40029EC0 R
0x4007C700 W
0x40029F00 R
0x4007C740 W
0x40029F40 R
0x4007C780 W
0x40029F80 R
0x4007C7C0 W
0x40029FC0 R
0x4007C800 W
0x4002A000 R
0x4007C840 W
0x4002A040 R
0x4002A080 R
0x4007C940 W
0x4002A0C0 R
0x4007C980 W
0x4002A100 R
0x4007C9C0 W
0x4002A140 R
0x4007CA00 W
0x4002A180 R
0x4007CA40 W
0x4002A1C0 R
0x4007CA80 W
0x4002A200 R
0x4007CAC0 W
0x4002A240 R
0x4007CB00 W
0x4002A280 R
0x4007CB40 W
0x4002A2C0 R
0x4002A300 R
0x4007CC40 W
0x4002A340 R
0x4007CC80 W
0x4002A380 R
0x4007CCC0 W
0x4002A3C0 R
0x4007CD00 W
0x4002A400 R
0x4007CD40 W
0x4002A440 R
0x4007CD80 W
0x4002A480 R
0x4007CDC0 W
0x4002A4C0 R
0x4007CE00 W
0x4002A500 R
0x4007CE40 W
0x4002A540 R
0x4002A580 R
0x4007CF40 W
0x4002A5C0 R
0x4007CF80 W
0x4002A600 R
0x4007CFC0 W
0x4002A640 R
0x4007D000 W
0x4002A680 R
0x4007D040 W
0x4002A6C0 R
0x4007D080 W
0x4002A700 R
0x4007D0C0 W
0x4002A740 R
0x4007D100 W
0x4002A780 R
0x4007D140 W
0x4002A7C0 R
0x4002A800 R
0x4007D240 W
0x4002A840 R
0x4007D280 W
0x4002A880 R
0x4007D2C0 W
0x4002A8C0 R
0x4007D300 W
0x4002A900 R
0x4007D340 W
0x4002A940 R
0x4007D380 W
0x4002A980 R
0x4007D3C0 W
0x4002A9C0 R
0x4007D400 W
0x4002AA00 R
0x4007D440 W
0x4002AA40 R
0x4002AA80 R
0x4007D540 W
0x4002AAC0 R
0x4007D580 W
0x4002AB00 R
0x4007D5C0 W
0x4002AB40 R
0x4007D600 W
0x4002AB80 R
0x4007D640 W
0x4002ABC0 R
0x4007D680 W
0x4002AC00 R
0x4007D6C0 W
0x4002AC40 R
0x4007D700 W
0x4002AC80 R
0x4007D740 W
0x4002ACC0 R
0x4002AD00 R
0x4007D840 W
0x4002AD40 R
0x4007D880 W
0x4002AD80 R
0x4007D8C0 W
0x4002ADC0 R
0x4007D900 W
0x4002AE00 R
0x4007D940 W
0x4002AE40 R
0x4007D980 W
0x4002AE80 R
0x4007D9C0 W
0x4002AEC0 R
0x4007DA00 W
0x4002AF00 R
0x4007DA40 W
0x4002AF40 R
0x4002AF80 R
0x4007DB40 W
0x4002AFC0 R
0x4007DB80 W
0x4002B000 R
0x4007DBC0 W
0x4002B040 R
0x4007DC00 W
0x4002B080 R
0x4007DC40 W
0x4002B0C0 R
0x4007DC80 W
0x4002B100 R
0x4007DCC0 W
0x4002B140 R
0x4007DD00 W
0x4002B180 R
0x4007DD40 W
0x4002B1C0 R
0x4002B200 R
0x4007DE40 W
0x4002B240 R
0x4007DE80 W
0x4002B280 R
0x4007DEC0 W
0x4002B2C0 R
0x4007DF00 W
0x4002B300 R
0x4007DF40 W
0x4002B340 R
0x4007DF80 W
0x4002B380 R
0x4007DFC0 W
0x4002B3C0 R
0x4007E000 W
0x4002B400 R
0x4007E040 W
0x4002B440 R
0x4002B480 R
0x4007E140 W
0x4002B4C0 R
0x4007E180 W
0x4002B500 R
0x4007E1C0 W
0x4002B540 R
0x4007E200 W
0x4002B580 R
0x4007E240 W
0x4002B5C0 R
0x4007E280 W
0x4002B600 R
0x4007E2C0 W
0x4002B640 R
0x4007E300 W
0x4002B680 R
0x4007E340 W
0x4002B6C0 R
0x4002B700 R
0x4007E440 W
0x4002B740 R
0x4007E480 W
0x4002B780 R
0x4007E4C0 W
0x4002B7C0 R
0x4007E500 W
0x4002B800 R
0x4007E540 W
0x4002B840 R
0x4007E580 W
0x4002B880 R
0x4007E5C0 W
0x4002B8C0 R
0x4007E600 W
0x4002B900 R
0x4007E640 W
0x4002B940 R
0x4002B980 R
0x4007E740 W
0x4002B9C0 R
0x4007E780 W
0x4002BA00 R
0x4007E7C0 W
0x4002BA40 R
0x4007E800 W
0x4002BA80 R
0x4007E840 W
0x4002BAC0 R
0x4007E880 W
0x4002BB00 R
0x4007E8C0 W
0x4002BB40 R
0x4007E900 W
0x4002BB80 R
0x4007E940 W
0x4002BBC0 R
0x4002BC00 R
0x4007EA40 W
0x4002BC40 R
0x4007EA80 W
0x4002BC80 R
0x4007EAC0 W
0x4002BCC0 R
0x4007EB00 W
0x4002BD00 R
0x4007EB40 W
0x4002BD40 R
0x4007EB80 W
0x4002BD80 R
0x4007EBC0 W
0x4002BDC0 R
0x4007EC00 W
0x4002BE00 R
0x4007EC40 W
0x4002BE40 R
0x4002BE80 R
0x4007ED40 W
0x4002BEC0 R
0x4007ED80 W
0x4002BF00 R
0x4007EDC0 W
0x4002BF40 R
0x4007EE00 W
0x4002BF80 R
0x4007EE40 W
0x4002BFC0 R
0x4007EE80 W
0x4002C000 R
0x4007EEC0 W
0x4002C040 R
0x4007EF00 W
0x4002C080 R
0x4007EF40 W
0x4002C0C0 R
0x4002C100 R
0x4007F040 W
0x4002C140 R
0x4007F080 W
0x4002C180 R
0x4007F0C0 W
0x4002C1C0 R
0x4007F100 W
0x4002C200 R
0x4007F140 W
0x4002C240 R
0x4007F180 W
0x4002C280 R
0x4007F1C0 W
0x4002C2C0 R
0x4007F200 W
0x4002C300 R
0x4007F240 W
0x4002C340 R
0x4002C380 R
0x4007F340 W
0x4002C3C0 R
0x4007F380 W
0x4002C400 R
0x4007F3C0 W
0x4002C440 R
0x4007F400 W
0x4002C480 R
0x4007F440 W
0x4002C4C0 R
0x4007F480 W
0x4002C500 R
0x4007F4C0 W
0x4002C540 R
0x4007F500 W
0x4002C580 R
0x4007F540 W
0x4002C5C0 R
0x4002C600 R
0x4007F640 W
0x4002C640 R
0x4007F680 W
0x4002C680 R
0x4007F6C0 W
0x4002C6C0 R
0x4007F700 W
0x4002C700 R
0x4007F740 W
0x4002C740 R
0x4007F780 W
0x4002C780 R
0x4007F7C0 W
0x4002C7C0 R
0x4007F800 W
0x4002C800 R
0x4007F840 W
0x4002C840 R
0x4002C880 R
0x4007F940 W
0x4002C8C0 R
0x4007F980 W
0x4002C900 R
0x4007F9C0 W
0x4002C940 R
0x4007FA00 W
0x4002C980 R
0x4007FA40 W
0x4002C9C0 R
0x4007FA80 W
0x4002CA00 R
0x4007FAC0 W
0x4002CA40 R
0x4007FB00 W
0x4002CA80 R
0x4007FB40 W
0x4002CAC0 R
0x4002CB00 R
0x4007FC40 W
0x4002CB40 R
0x4007FC80 W
0x4002CB80 R
0x4007FCC0 W
0x4002CBC0 R
0x4007FD00 W
0x4002CC00 R
0x4007FD40 W
0x4002CC40 R
0x4007FD80 W
0x4002CC80 R
0x4007FDC0 W
0x4002CCC0 R
0x4007FE00 W
0x4002CD00 R
0x4007FE40 W
0x4002CD40 R
0x4002CD80 R
0x4007FF40 W
0x4002CDC0 R
0x4007FF80 W
0x4002CE00 R
0x4007FFC0 W
0x4002CE40 R
0x40080000 W
0x4002CE80 R
0x40080040 W
0x4002CEC0 R
0x40080080 W
0x4002CF00 R
0x400800C0 W
0x4002CF40 R
0x40080100 W
0x4002CF80 R
0x40080140 W
0x4002CFC0 R
0x4002D000 R
0x40080240 W
0x4002D040 R
0x40080280 W
0x4002D080 R
0x400802C0 W
0x4002D0C0 R
0x40080300 W
0x4002D100 R
0x40080340 W
0x4002D140 R
0x40080380 W
0x4002D180 R
0x400803C0 W
0x4002D1C0 R
0x40080400 W
0x4002D200 R
0x40080440 W
0x4002D240 R
0x4002D280 R
0x40080540 W
0x4002D2C0 R
0x40080580 W
0x4002D300 R
0x400805C0 W
0x4002D340 R
0x40080600 W
0x4002D380 R
0x40080640 W
0x4002D3C0 R
0x40080680 W
0x4002D400 R
0x400806C0 W
0x4002D440 R
0x40080700 W
0x4002D480 R
0x40080740 W
0x4002D4C0 R
0x4002D500 R
0x40080840 W
0x4002D540 R
0x40080880 W
0x4002D580 R
0x400808C0 W
0x4002D5C0 R
0x40080900 W
0x4002D600 R
0x40080940 W
0x4002D640 R
0x40080980 W
0x4002D680 R
0x400809C0 W
0x4002D6C0 R
0x40080A00 W
0x4002D700 R
0x40080A40 W
0x4002D740 R
0x4002D780 R
0x40080B40 W
0x4002D7C0 R
0x40080B80 W
0x4002D800 R
0x40080BC0 W
0x4002D840 R
0x40080C00 W
0x4002D880 R
0x40080C40 W
0x4002D8C0 R
0x40080C80 W
0x4002D900 R
0x40080CC0 W
0x4002D940 R
0x40080D00 W
0x4002D980 R
0x40080D40 W
0x4002D9C0 R
0x4002DA00 R
0x40080E40 W
0x4002DA40 R
0x40080E80 W
0x4002DA80 R
0x40080EC0 W
0x4002DAC0 R
0x40080F00 W
0x4002DB00 R
0x40080F40 W
0x4002DB40 R
0x40080F80 W
0x4002DB80 R
0x40080FC0 W
0x4002DBC0 R
0x40081000 W
0x4002DC00 R
0x40081040 W
0x4002DC40 R
0x4002DC80 R
0x40081140 W
0x4002DCC0 R
0x40081180 W
0x4002DD00 R
0x400811C0 W
0x4002DD40 R
0x40081200 W
0x4002DD80 R
0x40081240 W
0x4002DDC0 R
0x40081280 W
0x4002DE00 R
0x400812C0 W
0x4002DE40 R
0x40081300 W
0x4002DE80 R
0x40081340 W
0x4002DEC0 R
0x4002DF00 R
0x40081440 W
0x4002DF40 R
0x40081480 W
0x4002DF80 R
0x400814C0 W
0x4002DFC0 R
0x40081500 W
0x4002E000 R
0x40081540 W
0x4002E040 R
0x40081580 W
0x4002E080 R
0x400815C0 W
0x4002E0C0 R
0x40081600 W
0x4002E100 R
0x40081640 W
0x4002E140 R
0x4002E180 R
0x40081740 W
0x4002E1C0 R
0x40081780 W
0x4002E200 R
0x400817C0 W
0x4002E240 R
0x40081800 W
0x4002E280 R
0x40081840 W
0x4002E2C0 R
0x40081880 W
0x4002E300 R
0x400818C0 W
0x4002E340 R
0x40081900 W
0x4002E380 R
0x40081940 W
0x4002E3C0 R
0x4002E400 R
0x40081A40 W
0x4002E440 R
0x40081A80 W
0x4002E480 R
0x40081AC0 W
0x4002E4C0 R
0x40081B00 W
0x4002E500 R
0x40081B40 W
0x4002E540 R
0x40081B80 W
0x4002E580 R
0x40081BC0 W
0x4002E5C0 R
0x40081C00 W
0x4002E600 R
0x40081C40 W
0x4002E640 R
0x4002E680 R
0x40081D40 W
0x4002E6C0 R
0x40081D80 W
0x4002E700 R
0x40081DC0 W
0x4002E740 R
0x40081E00 W
0x4002E780 R
0x40081E40 W
0x4002E7C0 R
0x40081E80 W
0x4002E800 R
0x40081EC0 W
0x4002E840 R
0x40081F00 W
0x4002E880 R
0x40081F40 W
0x4002E8C0 R
0x4002E900 R
0x40082040 W
0x4002E940 R
0x40082080 W
0x4002E980 R
0x400820C0 W
0x4002E9C0 R
0x40082100 W
0x4002EA00 R
0x40082140 W
0x4002EA40 R
0x40082180 W
0x4002EA80 R
0x400821C0 W
0x4002EAC0 R
0x40082200 W
0x4002EB00 R
0x40082240 W
0x4002EB40 R
0x4002EB80 R
0x40082340 W
0x4002EBC0 R
0x40082380 W
0x4002EC00 R
0x400823C0 W
0x4002EC40 R
0x40082400 W
0x4002EC80 R
0x40082440 W
0x4002ECC0 R
0x40082480 W
0x4002ED00 R
0x400824C0 W
0x4002ED40 R
0x40082500 W
0x4002ED80 R
0x40082540 W
0x4002EDC0 R
0x4002EE00 R
0x40082640 W
0x4002EE40 R
0x40082680 W
0x4002EE80 R
0x400826C0 W
0x4002EEC0 R
0x40082700 W
0x4002EF00 R
0x40082740 W
0x4002EF40 R
0x40082780 W
0x4002EF80 R
0x400827C0 W
0x4002EFC0 R
0x40082800 W
0x4002F000 R
0x40082840 W
0x4002F040 R
0x4002F080 R
0x40082940 W
0x4002F0C0 R
0x40082980 W
0x4002F100 R
0x400829C0 W
0x4002F140 R
0x40082A00 W
0x4002F180 R
0x40082A40 W
0x4002F1C0 R
0x40082A80 W
0x4002F200 R
0x40082AC0 W
0x4002F240 R
0x40082B00 W
0x4002F280 R
0x40082B40 W
0x4002F2C0 R
0x4002F300 R
0x40082C40 W
0x4002F340 R
0x40082C80 W
0x4002F380 R
0x40082CC0 W
0x4002F3C0 R
0x40082D00 W
0x4002F400 R
0x40082D40 W
0x4002F440 R
0x40082D80 W
0x4002F480 R
0x40082DC0 W
0x4002F4C0 R
0x40082E00 W
0x4002F500 R
0x40082E40 W
0x4002F540 R
0x4002F580 R
0x40082F40 W
0x4002F5C0 R
0x40082F80 W
0x4002F600 R
0x40082FC0 W
0x4002F640 R
0x40083000 W
0x4002F680 R
0x40083040 W
0x4002F6C0 R
0x40083080 W
0x4002F700 R
0x400830C0 W
0x4002F740 R
0x40083100 W
0x4002F780 R
0x40083140 W
0x4002F7C0 R
0x4002F800 R
0x40083240 W
0x4002F840 R
0x40083280 W
0x4002F880 R
0x400832C0 W
0x4002F8C0 R
0x40083300 W
0x4002F900 R
0x40083340 W
0x4002F940 R
0x40083380 W
0x4002F980 R
0x400833C0 W
0x4002F9C0 R
0x40083400 W
0x4002FA00 R
0x40083440 W
0x4002FA40 R
0x4002FA80 R
0x40083540 W
0x4002FAC0 R
0x40083580 W
0x4002FB00 R
0x400835C0 W
0x4002FB40 R
0x40083600 W
0x4002FB80 R
0x40083640 W
0x4002FBC0 R
0x40083680 W
0x4002FC00 R
0x400836C0 W
0x4002FC40 R
0x40083700 W
0x4002FC80 R
0x40083740 W
0x4002FCC0 R
0x4002FD00 R
0x40083840 W
0x4002FD40 R
0x40083880 W
0x4002FD80 R
0x400838C0 W
0x4002FDC0 R
0x40083900 W
0x4002FE00 R
0x40083940 W
0x4002FE40 R
0x40083980 W
0x4002FE80 R
0x400839C0 W
0x4002FEC0 R
0x40083A00 W
0x4002FF00 R
0x40083A40 W
0x4002FF40 R
0x4002FF80 R
0x40083B40 W
0x4002FFC0 R
0x40083B80 W
0x40030000 R
0x40083BC0 W
0x40030040 R
0x40083C00 W
0x40030080 R
0x40083C40 W
0x400300C0 R
0x40083C80 W
0x40030100 R
0x40083CC0 W
0x40030140 R
0x40083D00 W
0x40030180 R
0x40083D40 W
0x400301C0 R
0x40030200 R
0x40083E40 W
0x40030240 R
0x40083E80 W
0x40030280 R
0x40083EC0 W
0x400302C0 R
0x40083F00 W
0x40030300 R
0x40083F40 W
0x40030340 R
0x40083F80 W
0x40030380 R
0x40083FC0 W
0x400303C0 R
0x40084000 W
0x40030400 R
0x40084040 W
0x40030440 R
0x40030480 R
0x40084140 W
0x400304C0 R
0x40084180 W
0x40030500 R
0x400841C0 W
0x40030540 R
0x40084200 W
0x40030580 R
0x40084240 W
0x400305C0 R
0x40084280 W
0x40030600 R
0x400842C0 W
0x40030640 R
0x40084300 W
0x40030680 R
0x40084340 W
0x400306C0 R
0x40030700 R
0x40084440 W
0x40030740 R
0x40084480 W
0x40030780 R
0x400844C0 W
0x400307C0 R
0x40084500 W
0x40030800 R
0x40084540 W
0x40030840 R
0x40084580 W
0x40030880 R
0x400845C0 W
0x400308C0 R
0x40084600 W
0x40030900 R
0x40084640 W
0x40030940 R
0x40030980 R
0x40084740 W
0x400309C0 R
0x40084780 W
0x40030A00 R
0x400847C0 W
0x40030A40 R
0x40084800 W
0x40030A80 R
0x40084840 W
0x40030AC0 R
0x40084880 W
0x40030B00 R
0x400848C0 W
0x40030B40 R
0x40084900 W
0x40030B80 R
0x40084940 W
0x40030BC0 R
0x40030C00 R
0x40084A40 W
0x40030C40 R
0x40084A80 W
0x40030C80 R
0x40084AC0 W
0x40030CC0 R
0x40084B00 W
0x40030D00 R
0x40084B40 W
0x40030D40 R
0x40084B80 W
0x40030D80 R
0x40084BC0 W
0x40030DC0 R
0x40084C00 W
0x40030E00 R
0x40084C40 W
0x40030E40 R
0x40030E80 R
0x40084D40 W
0x40030EC0 R
0x40084D80 W
0x40030F00 R
0x40084DC0 W
0x40030F40 R
0x40084E00 W
0x40030F80 R
0x40084E40 W
0x40030FC0 R
0x40084E80 W
0x40031000 R
0x40084EC0 W
0x40031040 R
0x40084F00 W
0x40031080 R
0x40084F40 W
0x400310C0 R
0x40031100 R
0x40085040 W
0x40031140 R
0x40085080 W
0x40031180 R
0x400850C0 W
0x400311C0 R
0x40085100 W
0x40031200 R
0x40085140 W
0x40031240 R
0x40085180 W
0x40031280 R
0x400851C0 W
0x400312C0 R
0x40085200 W
0x40031300 R
0x40085240 W
0x40031340 R
0x40031380 R
0x40085340 W
0x400313C0 R
0x40085380 W
0x40031400 R
0x400853C0 W
0x40031440 R
0x40085400 W
0x40031480 R
0x40085440 W
0x400314C0 R
0x40085480 W
0x40031500 R
0x400854C0 W
0x40031540 R
0x40085500 W
0x40031580 R
0x40085540 W
0x400315C0 R
0x40031600 R
0x40085640 W
0x40031640 R
0x40085680 W
0x40031680 R
0x400856C0 W
0x400316C0 R
0x40085700 W
0x40031700 R
0x40085740 W
0x40031740 R
0x40085780 W
0x40031780 R
0x400857C0 W
0x400317C0 R
0x40085800 W
0x40031800 R
0x40085840 W
0x40031840 R
0x40031880 R
0x40085940 W
0x400318C0 R
0x40085980 W
0x40031900 R
0x400859C0 W
0x40031940 R
0x40085A00 W
0x40031980 R
0x40085A40 W
0x400319C0 R
0x40085A80 W
0x40031A00 R
0x40085AC0 W
0x40031A40 R
0x40085B00 W
0x40031A80 R
0x40085B40 W
0x40031AC0 R
0x40031B00 R
0x40085C40 W
0x40031B40 R
0x40085C80 W
0x40031B80 R
0x40085CC0 W
0x40031BC0 R
0x40085D00 W
0x40031C00 R
0x40085D40 W
0x40031C40 R
0x40085D80 W
0x40031C80 R
0x40085DC0 W
0x40031CC0 R
0x40085E00 W
0x40031D00 R
0x40085E40 W
0x40031D40 R
0x40031D80 R
0x40085F40 W
0x40031DC0 R
0x40085F80 W
0x40031E00 R
0x40085FC0 W
0x40031E40 R
0x40086000 W
0x40031E80 R
0x40086040 W
0x40031EC0 R
0x40086080 W
0x40031F00 R
0x400860C0 W
0x40031F40 R
0x40086100 W
0x40031F80 R
0x40086140 W
0x40031FC0 R
0x40032000 R
0x40086240 W
0x40032040 R
0x40086280 W
0x40032080 R
0x400862C0 W
0x400320C0 R
0x40086300 W
0x40032100 R
0x40086340 W
0x40032140 R
0x40086380 W
0x40032180 R
0x400863C0 W
0x400321C0 R
0x40086400 W
0x40032200 R
0x40086440 W
0x40032240 R
0x40032280 R
0x40086540 W
0x400322C0 R
0x40086580 W
0x40032300 R
0x400865C0 W
0x40032340 R
0x40086600 W
0x40032380 R
0x40086640 W
0x400323C0 R
0x40086680 W
0x40032400 R
0x400866C0 W
0x40032440 R
0x40086700 W
0x40032480 R
0x40086740 W
0x400324C0 R
0x40032500 R
0x40086840 W
0x40032540 R
0x40032580 R
0x400868C0 W
0x400325C0 R
0x40086900 W
0x40032600 R
0x40086940 W
0x40032640 R
0x40086980 W
0x40032680 R
0x400869C0 W
0x400326C0 R
0x40086A00 W
0x40032700 R
0x40086A40 W
0x40032740 R
0x40032780 R
0x40086B40 W
0x400327C0 R
0x40086B80 W
0x40032800 R
0x40086BC0 W
0x40032840 R
0x40086C00 W
0x40032880 R
0x40086C40 W
0x400328C0 R
0x40086C80 W
0x40032900 R
0x40086CC0 W
0x40032940 R
0x40086D00 W
0x40032980 R
0x40086D40 W
0x400329C0 R
0x40032A00 R
0x40086E40 W
0x40032A40 R
0x40086E80 W
0x40032A80 R
0x40086EC0 W
0x40032AC0 R
0x40086F00 W
0x40032B00 R
0x40086F40 W
0x40032B40 R
0x40086F80 W
0x40032B80 R
0x40086FC0 W
0x40032BC0 R
0x40087000 W
0x40032C00 R
0x40087040 W
0x40032C40 R
0x40032C80 R
0x40087140 W
0x40032CC0 R
0x40087180 W
0x40032D00 R
0x400871C0 W
0x40032D40 R
0x40087200 W
0x40032D80 R
0x40087240 W
0x40032DC0 R
0x40087280 W
0x40032E00 R
0x400872C0 W
0x40032E40 R
0x40087300 W
0x40032E80 R
0x40087340 W
0x40032EC0 R
0x40032F00 R
0x40087440 W
0x40032F40 R
0x40087480 W
0x40032F80 R
0x400874C0 W
0x40032FC0 R
0x40087500 W
0x40033000 R
0x40087540 W
0x40033040 R
0x40087580 W
0x40033080 R
0x400875C0 W
0x400330C0 R
0x40087600 W
0x40033100 R
0x40087640 W
0x40033140 R
0x40033180 R
0x40087740 W
0x400331C0 R
0x40087780 W
0x40033200 R
0x400877C0 W
0x40033240 R
0x40087800 W
0x40033280 R
0x40087840 W
0x400332C0 R
0x40087880 W
0x40033300 R
0x400878C0 W
0x40033340 R
0x40087900 W
0x40033380 R
0x40087940 W
0x400333C0 R
0x40033400 R
0x40087A40 W
0x40033440 R
0x40087A80 W
0x40033480 R
0x40087AC0 W
0x400334C0 R
0x40087B00 W
0x40033500 R
0x40087B40 W
0x40033540 R
0x40087B80 W
0x40033580 R
0x40087BC0 W
0x400335C0 R
0x40087C00 W
0x40033600 R
0x40087C40 W
0x40033640 R
0x40033680 R
0x40087D40 W
0x400336C0 R
0x40087D80 W
0x40033700 R
0x40087DC0 W
0x40033740 R
0x40087E00 W
0x40033780 R
0x40087E40 W
0x400337C0 R
0x40087E80 W
0x40033800 R
0x40087EC0 W
0x40033840 R
0x40087F00 W
0x40033880 R
0x40087F40 W
0x400338C0 R
0x40033900 R
0x40088040 W
0x40033940 R
0x40088080 W
0x40033980 R
0x400880C0 W
0x400339C0 R
0x40088100 W
0x40033A00 R
0x40088140 W
0x40033A40 R
0x40088180 W
0x40033A80 R
0x400881C0 W
0x40033AC0 R
0x40088200 W
0x40033B00 R
0x40088240 W
0x40033B40 R
0x40033B80 R
0x40088340 W
0x40033BC0 R
0x40088380 W
0x40033C00 R
0x400883C0 W
0x40033C40 R
0x40088400 W
0x40033C80 R
0x40088440 W
0x40033CC0 R
0x40088480 W
0x40033D00 R
0x400884C0 W
0x40033D40 R
0x40088500 W
0x40033D80 R
0x40088540 W
0x40033DC0 R
0x40033E00 R
0x40088640 W
0x40033E40 R
0x40088680 W
0x40033E80 R
0x400886C0 W
0x40033EC0 R
0x40088700 W
0x40033F00 R
0x40088740 W
0x40033F40 R
0x40088780 W
0x40033F80 R
0x400887C0 W
0x40033FC0 R
0x40088800 W
0x40034000 R
0x40088840 W
0x40034040 R
0x40034080 R
0x40088940 W
0x400340C0 R
0x40088980 W
0x40034100 R
0x400889C0 W
0x40034140 R
0x40088A00 W
0x40034180 R
0x40088A40 W
0x400341C0 R
0x40088A80 W
0x40034200 R
0x40088AC0 W
0x40034240 R
0x40088B00 W
0x40034280 R
0x40088B40 W
0x400342C0 R
0x40034300 R
0x40088C40 W
0x40034340 R
0x40088C80 W
0x40034380 R
0x40088CC0 W
0x400343C0 R
0x40088D00 W
0x40034400 R
0x40088D40 W
0x40034440 R
0x40088D80 W
0x40034480 R
0x40088DC0 W
0x400344C0 R
0x40088E00 W
0x40034500 R
0x40088E40 W
0x40034540 R
0x40034580 R
0x40088F40 W
0x400345C0 R
0x40088F80 W
0x40034600 R
0x40088FC0 W
0x40034640 R
0x40089000 W
0x40034680 R
0x40089040 W
0x400346C0 R
0x40089080 W
0x40034700 R
0x400890C0 W
0x40034740 R
0x40089100 W
0x40034780 R
0x40089140 W
0x400347C0 R
0x40034800 R
0x40089240 W
0x40034840 R
0x40089280 W
0x40034880 R
0x400892C0 W
0x400348C0 R
0x40089300 W
0x40034900 R
0x40089340 W
0x40034940 R
0x40089380 W
0x40034980 R
0x400893C0 W
0x400349C0 R
0x40089400 W
0x40034A00 R
0x40089440 W
0x40034A40 R
0x40034A80 R
0x40089540 W
0x40034AC0 R
0x40089580 W
0x40034B00 R
0x400895C0 W
0x40034B40 R
0x40089600 W
0x40034B80 R
0x40089640 W
0x40034BC0 R
0x40089680 W
0x40034C00 R
0x400896C0 W
0x40034C40 R
0x40089700 W
0x40034C80 R
0x40089740 W
0x40034CC0 R
0x40034D00 R
0x40089840 W
0x40034D40 R
0x40089880 W
0x40034D80 R
0x400898C0 W
0x40034DC0 R
0x40089900 W
0x40034E00 R
0x40089940 W
0x40034E40 R
0x40089980 W
0x40034E80 R
0x400899C0 W
0x40034EC0 R
0x40089A00 W
0x40034F00 R
0x40089A40 W
0x40034F40 R
0x40034F80 R
0x40089B40 W
0x40034FC0 R
0x40089B80 W
0x40035000 R
0x40089BC0 W
0x40035040 R
0x40089C00 W
0x40035080 R
0x40089C40 W
0x400350C0 R
0x40089C80 W
0x40035100 R
0x40089CC0 W
0x40035140 R
0x40089D00 W
0x40035180 R
0x40089D40 W
0x400351C0 R
0x40035200 R
0x40089E40 W
0x40035240 R
0x40089E80 W
0x40035280 R
0x40089EC0 W
0x400352C0 R
0x40089F00 W
0x40035300 R
0x40089F40 W
0x40035340 R
0x40089F80 W
0x40035380 R
0x40089FC0 W
0x400353C0 R
0x4008A000 W
0x40035400 R
0x4008A040 W
0x40035440 R
0x40035480 R
0x4008A140 W
0x400354C0 R
0x4008A180 W
0x40035500 R
0x4008A1C0 W
0x40035540 R
0x4008A200 W
0x40035580 R
0x4008A240 W
0x400355C0 R
0x4008A280 W
0x40035600 R
0x4008A2C0 W
0x40035640 R
0x4008A300 W
0x40035680 R
0x4008A340 W
0x400356C0 R
0x40035700 R
0x4008A440 W
0x40035740 R
0x4008A480 W
0x40035780 R
0x4008A4C0 W
0x400357C0 R
0x4008A500 W
0x40035800 R
0x4008A540 W
0x40035840 R
0x4008A580 W
0x40035880 R
0x4008A5C0 W
0x400358C0 R
0x4008A600 W
0x40035900 R
0x4008A640 W
0x40035940 R
0x40035980 R
0x4008A740 W
0x400359C0 R
0x4008A780 W
0x40035A00 R
0x4008A7C0 W
0x40035A40 R
0x4008A800 W
0x40035A80 R
0x4008A840 W
0x40035AC0 R
0x4008A880 W
0x40035B00 R
0x4008A8C0 W
0x40035B40 R
0x4008A900 W
0x40035B80 R
0x4008A940 W
0x40035BC0 R
0x40035C00 R
0x4008AA40 W
0x40035C40 R
0x4008AA80 W
0x40035C80 R
0x4008AAC0 W
0x40035CC0 R
0x4008AB00 W
0x40035D00 R
0x4008AB40 W
0x40035D40 R
0x4008AB80 W
0x40035D80 R
0x4008ABC0 W
0x40035DC0 R
0x4008AC00 W
0x40035E00 R
0x4008AC40 W
0x40035E40 R
0x40035E80 R
0x4008AD40 W
0x40035EC0 R
0x4008AD80 W
0x40035F00 R
0x4008ADC0 W
0x40035F40 R
0x4008AE00 W
0x40035F80 R
0x4008AE40 W
0x40035FC0 R
0x4008AE80 W
0x40036000 R
0x4008AEC0 W
0x40036040 R
0x4008AF00 W
0x40036080 R
0x4008AF40 W
0x400360C0 R
0x40036100 R
0x4008B040 W
0x40036140 R
0x4008B080 W
0x40036180 R
0x4008B0C0 W
0x400361C0 R
0x4008B100 W
0x40036200 R
0x4008B140 W
0x40036240 R
0x4008B180 W
0x40036280 R
0x4008B1C0 W
0x400362C0 R
0x4008B200 W
0x40036300 R
0x4008B240 W
0x40036340 R
0x40036380 R
0x4008B340 W
0x400363C0 R
0x4008B380 W
0x40036400 R
0x4008B3C0 W
0x40036440 R
0x4008B400 W
0x40036480 R
0x4008B440 W
0x400364C0 R
0x4008B480 W
0x40036500 R
0x4008B4C0 W
0x40036540 R
0x4008B500 W
0x40036580 R
0x4008B540 W
0x400365C0 R
0x40036600 R
0x4008B640 W
0x40036640 R
0x4008B680 W
0x40036680 R
0x4008B6C0 W
0x400366C0 R
0x4008B700 W
0x40036700 R
0x4008B740 W
0x40036740 R
0x4008B780 W
0x40036780 R
0x4008B7C0 W
0x400367C0 R
0x4008B800 W
0x40036800 R
0x4008B840 W
0x40036840 R
0x40036880 R
0x4008B940 W
0x400368C0 R
0x4008B980 W
0x40036900 R
0x4008B9C0 W
0x40036940 R
0x4008BA00 W
0x40036980 R
0x4008BA40 W
0x400369C0 R
0x4008BA80 W
0x40036A00 R
0x4008BAC0 W
0x40036A40 R
0x4008BB00 W
0x40036A80 R
0x4008BB40 W
0x40036AC0 R
0x40036B00 R
0x4008BC40 W
0x40036B40 R
0x4008BC80 W
0x40036B80 R
0x4008BCC0 W
0x40036BC0 R
0x4008BD00 W
0x40036C00 R
0x4008BD40 W
0x40036C40 R
0x4008BD80 W
0x40036C80 R
0x4008BDC0 W
0x40036CC0 R
0x4008BE00 W
0x40036D00 R
0x4008BE40 W
0x40036D40 R
0x40036D80 R
0x4008BF40 W
0x40036DC0 R
0x4008BF80 W
0x40036E00 R
0x4008BFC0 W
0x40036E40 R
0x4008C000 W
0x40036E80 R
0x4008C040 W
0x40036EC0 R
0x4008C080 W
0x40036F00 R
0x4008C0C0 W
0x40036F40 R
0x4008C100 W
0x40036F80 R
0x4008C140 W
0x40036FC0 R
0x40037000 R
0x4008C240 W
0x40037040 R
0x4008C280 W
0x40037080 R
0x4008C2C0 W
0x400370C0 R
0x4008C300 W
0x40037100 R
0x4008C340 W
0x40037140 R
0x4008C380 W
0x40037180 R
0x4008C3C0 W
0x400371C0 R
0x4008C400 W
0x40037200 R
0x4008C440 W
0x40037240 R
0x40037280 R
0x4008C540 W
0x400372C0 R
0x4008C580 W
0x40037300 R
0x4008C5C0 W
0x40037340 R
0x4008C600 W
0x40037380 R
0x4008C640 W
0x400373C0 R
0x4008C680 W
0x40037400 R
0x4008C6C0 W
0x40037440 R
0x4008C700 W
0x40037480 R
0x4008C740 W
0x400374C0 R
0x40037500 R
0x4008C840 W
0x40037540 R
0x4008C880 W
0x40037580 R
0x4008C8C0 W
0x400375C0 R
0x4008C900 W
0x40037600 R
0x4008C940 W
0x40037640 R
0x4008C980 W
0x40037680 R
0x4008C9C0 W
0x400376C0 R
0x4008CA00 W
0x40037700 R
0x4008CA40 W
0x40037740 R
0x40037780 R
0x4008CB40 W
0x400377C0 R
0x4008CB80 W
0x40037800 R
0x4008CBC0 W
0x40037840 R
0x4008CC00 W
0x40037880 R
0x4008CC40 W
0x400378C0 R
0x4008CC80 W
0x40037900 R
0x4008CCC0 W
0x40037940 R
0x4008CD00 W
0x40037980 R
0x4008CD40 W
0x400379C0 R
0x40037A00 R
0x4008CE40 W
0x40037A40 R
0x4008CE80 W
0x40037A80 R
0x4008CEC0 W
0x40037AC0 R
0x4008CF00 W
0x40037B00 R
0x4008CF40 W
0x40037B40 R
0x4008CF80 W
0x40037B80 R
0x4008CFC0 W
0x40037BC0 R
0x4008D000 W
0x40037C00 R
0x4008D040 W
0x40037C40 R
0x40037C80 R
0x4008D140 W
0x40037CC0 R
0x4008D180 W
0x40037D00 R
0x4008D1C0 W
0x40037D40 R
0x4008D200 W
0x40037D80 R
0x4008D240 W
0x40037DC0 R
0x4008D280 W
0x40037E00 R
0x4008D2C0 W
0x40037E40 R
0x4008D300 W
0x40037E80 R
0x4008D340 W
0x40037EC0 R
0x40037F00 R
0x4008D440 W
0x40037F40 R
0x4008D480 W
0x40037F80 R
0x4008D4C0 W
0x40037FC0 R
0x4008D500 W
0x40038000 R
0x4008D540 W
0x40038040 R
0x4008D580 W
0x40038080 R
0x4008D5C0 W
0x400380C0 R
0x4008D600 W
0x40038100 R
0x4008D640 W
0x40038140 R
0x40038180 R
0x4008D740 W
0x400381C0 R
0x4008D780 W
0x40038200 R
0x4008D7C0 W
0x40038240 R
0x4008D800 W
0x40038280 R
0x4008D840 W
0x400382C0 R
0x4008D880 W
0x40038300 R
0x4008D8C0 W
0x40038340 R
0x4008D900 W
0x40038380 R
0x4008D940 W
0x400383C0 R
0x40038400 R
0x4008DA40 W
0x40038440 R
0x4008DA80 W
0x40038480 R
0x4008DAC0 W
0x400384C0 R
0x4008DB00 W
0x40038500 R
0x4008DB40 W
0x40038540 R
0x4008DB80 W
0x40038580 R
0x4008DBC0 W
0x400385C0 R
0x4008DC00 W
0x40038600 R
0x4008DC40 W
0x40038640 R
0x40038680 R
0x4008DD40 W
0x400386C0 R
0x4008DD80 W
0x40038700 R
0x4008DDC0 W
0x40038740 R
0x4008DE00 W
0x40038780 R
0x4008DE40 W
0x400387C0 R
0x4008DE80 W
0x40038800 R
0x4008DEC0 W
0x40038840 R
0x4008DF00 W
0x40038880 R
0x4008DF40 W
0x400388C0 R
0x40038900 R
0x4008E040 W
0x40038940 R
0x4008E080 W
0x40038980 R
0x4008E0C0 W
0x400389C0 R
0x4008E100 W
0x40038A00 R
0x4008E140 W
0x40038A40 R
0x4008E180 W
0x40038A80 R
0x4008E1C0 W
0x40038AC0 R
0x4008E200 W
0x40038B00 R
0x4008E240 W
0x40038B40 R
0x40038B80 R
0x4008E340 W
0x40038BC0 R
0x4008E380 W
0x40038C00 R
0x4008E3C0 W
0x40038C40 R
0x4008E400 W
0x40038C80 R
0x4008E440 W
0x40038CC0 R
0x4008E480 W
0x40038D00 R
0x4008E4C0 W
0x40038D40 R
0x4008E500 W
0x40038D80 R
0x4008E540 W
0x40038DC0 R
0x40038E00 R
0x4008E640 W
0x40038E40 R
0x4008E680 W
0x40038E80 R
0x4008E6C0 W
0x40038EC0 R
0x4008E700 W
0x40038F00 R
0x4008E740 W
0x40038F40 R
0x4008E780 W
0x40038F80 R
0x4008E7C0 W
0x40038FC0 R
0x4008E800 W
0x40039000 R
0x4008E840 W
0x40039040 R
0x40039080 R
0x4008E940 W
0x400390C0 R
0x4008E980 W
0x40039100 R
0x4008E9C0 W
0x40039140 R
0x4008EA00 W
0x40039180 R
0x4008EA40 W
0x400391C0 R
0x4008EA80 W
0x40039200 R
0x4008EAC0 W
0x40039240 R
0x4008EB00 W
0x40039280 R
0x4008EB40 W
0x400392C0 R
0x40039300 R
0x4008EC40 W
0x40039340 R
0x4008EC80 W
0x40039380 R
0x4008ECC0 W
0x400393C0 R
0x4008ED00 W
0x40039400 R
0x4008ED40 W
0x40039440 R
0x4008ED80 W
0x40039480 R
0x4008EDC0 W
0x400394C0 R
0x4008EE00 W
0x40039500 R
0x4008EE40 W
0x40039540 R
0x40039580 R
0x4008EF40 W
0x400395C0 R
0x4008EF80 W
0x40039600 R
0x4008EFC0 W
0x40039640 R
0x4008F000 W
0x40039680 R
0x4008F040 W
0x400396C0 R
0x4008F080 W
0x40039700 R
0x4008F0C0 W
0x40039740 R
0x4008F100 W
0x40039780 R
0x4008F140 W
0x400397C0 R
0x40039800 R
0x4008F240 W
0x40039840 R
0x4008F280 W
0x40039880 R
0x4008F2C0 W
0x400398C0 R
0x4008F300 W
0x40039900 R
0x4008F340 W
0x40039940 R
0x4008F380 W
0x40039980 R
0x4008F3C0 W
0x400399C0 R
0x4008F400 W
0x40039A00 R
0x4008F440 W
0x40039A40 R
0x40039A80 R
0x4008F540 W
0x40039AC0 R
0x4008F580 W
0x40039B00 R
0x4008F5C0 W
0x40039B40 R
0x4008F600 W
0x40039B80 R
0x4008F640 W
0x40039BC0 R
0x4008F680 W
0x40039C00 R
0x4008F6C0 W
0x40039C40 R
0x4008F700 W
0x40039C80 R
0x4008F740 W
0x40039CC0 R
0x40039D00 R
0x4008F840 W
0x40039D40 R
0x4008F880 W
0x40039D80 R
0x4008F8C0 W
0x40039DC0 R
0x4008F900 W
0x40039E00 R
0x4008F940 W
0x40039E40 R
0x4008F980 W
0x40039E80 R
0x4008F9C0 W
0x40039EC0 R
0x4008FA00 W
0x40039F00 R
0x4008FA40 W
0x40039F40 R
0x40039F80 R
0x4008FB40 W
0x40039FC0 R
0x4008FB80 W
0x4003A000 R
0x4008FBC0 W
0x4003A040 R
0x4008FC00 W
0x4003A080 R
0x4008FC40 W
0x4003A0C0 R
0x4008FC80 W
0x4003A100 R
0x4008FCC0 W
0x4003A140 R
0x4008FD00 W
0x4003A180 R
0x4008FD40 W
0x4003A1C0 R
0x4003A200 R
0x4008FE40 W
0x4003A240 R
0x4008FE80 W
0x4003A280 R
0x4008FEC0 W
0x4003A2C0 R
0x4008FF00 W
0x4003A300 R
0x4008FF40 W
0x4003A340 R
0x4008FF80 W
0x4003A380 R
0x4008FFC0 W
0x4003A3C0 R
0x40090000 W
0x4003A400 R
0x40090040 W
0x4003A440 R
0x4003A480 R
0x40090140 W
0x4003A4C0 R
0x40090180 W
0x4003A500 R
0x400901C0 W
0x4003A540 R
0x40090200 W
0x4003A580 R
0x40090240 W
0x4003A5C0 R
0x40090280 W
0x4003A600 R
0x400902C0 W
0x4003A640 R
0x40090300 W
0x4003A680 R
0x40090340 W
0x4003A6C0 R
0x4003A700 R
0x40090440 W
0x4003A740 R
0x40090480 W
0x4003A780 R
0x400904C0 W
0x4003A7C0 R
0x40090500 W
0x4003A800 R
0x40090540 W
0x4003A840 R
0x40090580 W
0x4003A880 R
0x400905C0 W
0x4003A8C0 R
0x40090600 W
0x4003A900 R
0x40090640 W
0x4003A940 R
0x4003A980 R
0x40090740 W
0x4003A9C0 R
0x40090780 W
0x4003AA00 R
0x400907C0 W
0x4003AA40 R
0x40090800 W
0x4003AA80 R
0x40090840 W
0x4003AAC0 R
0x40090880 W
0x4003AB00 R
0x400908C0 W
0x4003AB40 R
0x40090900 W
0x4003AB80 R
0x40090940 W
0x4003ABC0 R
0x4003AC00 R
0x40090A40 W
0x4003AC40 R
0x40090A80 W
0x4003AC80 R
0x40090AC0 W
0x4003ACC0 R
0x40090B00 W
0x4003AD00 R
0x40090B40 W
0x4003AD40 R
0x40090B80 W
0x4003AD80 R
0x40090BC0 W
0x4003ADC0 R
0x40090C00 W
0x4003AE00 R
0x40090C40 W
0x4003AE40 R
0x4003AE80 R
0x40090D40 W
0x4003AEC0 R
0x40090D80 W
0x4003AF00 R
0x40090DC0 W
0x4003AF40 R
0x40090E00 W
0x4003AF80 R
0x40090E40 W
0x4003AFC0 R
0x40090E80 W
0x4003B000 R
0x40090EC0 W
0x4003B040 R
0x40090F00 W
0x4003B080 R
0x40090F40 W
0x4003B0C0 R
0x4003B100 R
0x40091040 W
0x4003B140 R
0x40091080 W
0x4003B180 R
0x400910C0 W
0x4003B1C0 R
0x40091100 W
0x4003B200 R
0x40091140 W
0x4003B240 R
0x40091180 W
0x4003B280 R
0x400911C0 W
0x4003B2C0 R
0x40091200 W
0x4003B300 R
0x40091240 W
0x4003B340 R
0x4003B380 R
0x40091340 W
0x4003B3C0 R
0x40091380 W
0x4003B400 R
0x400913C0 W
0x4003B440 R
0x40091400 W
0x4003B480 R
0x40091440 W
0x4003B4C0 R
0x40091480 W
0x4003B500 R
0x400914C0 W
0x4003B540 R
0x40091500 W
0x4003B580 R
0x40091540 W
0x4003B5C0 R
0x4003B600 R
0x40091640 W
0x4003B640 R
0x40091680 W
0x4003B680 R
0x400916C0 W
0x4003B6C0 R
0x40091700 W
0x4003B700 R
0x40091740 W
0x4003B740 R
0x40091780 W
0x4003B780 R
0x400917C0 W
0x4003B7C0 R
0x40091800 W
0x4003B800 R
0x40091840 W
0x4003B840 R
0x4003B880 R
0x40091940 W
0x4003B8C0 R
0x40091980 W
0x4003B900 R
0x400919C0 W
0x4003B940 R
0x40091A00 W
0x4003B980 R
0x40091A40 W
0x4003B9C0 R
0x40091A80 W
0x4003BA00 R
0x40091AC0 W
0x4003BA40 R
0x40091B00 W
0x4003BA80 R
0x40091B40 W
0x4003BAC0 R
0x4003BB00 R
0x40091C40 W
0x4003BB40 R
0x40091C80 W
0x4003BB80 R
0x40091CC0 W
0x4003BBC0 R
0x40091D00 W
0x4003BC00 R
0x40091D40 W
0x4003BC40 R
0x40091D80 W
0x4003BC80 R
0x40091DC0 W
0x4003BCC0 R
0x40091E00 W
0x4003BD00 R
0x40091E40 W
0x4003BD40 R
0x4003BD80 R
0x40091F40 W
0x4003BDC0 R
0x40091F80 W
0x4003BE00 R
0x40091FC0 W
0x4003BE40 R
0x40092000 W
0x4003BE80 R
0x40092040 W
0x4003BEC0 R
0x40092080 W
0x4003BF00 R
0x400920C0 W
0x4003BF40 R
0x40092100 W
0x4003BF80 R
0x40092140 W
0x4003BFC0 R
0x4003C000 R
0x40092240 W
0x4003C040 R
0x40092280 W
0x4003C080 R
0x400922C0 W
0x4003C0C0 R
0x40092300 W
0x4003C100 R
0x40092340 W
0x4003C140 R
0x40092380 W
0x4003C180 R
0x400923C0 W
0x4003C1C0 R
0x40092400 W
0x4003C200 R
0x40092440 W
0x4003C240 R
0x4003C280 R
0x40092540 W
0x4003C2C0 R
0x40092580 W
0x4003C300 R
0x400925C0 W
0x4003C340 R
0x40092600 W
0x4003C380 R
0x40092640 W
0x4003C3C0 R
0x40092680 W
0x4003C400 R
0x400926C0 W
0x4003C440 R
0x40092700 W
0x4003C480 R
0x40092740 W
0x4003C4C0 R
0x4003C500 R
0x40092840 W
0x4003C540 R
0x40092880 W
0x4003C580 R
0x400928C0 W
0x4003C5C0 R
0x40092900 W
0x4003C600 R
0x40092940 W
0x4003C640 R
0x40092980 W
0x4003C680 R
0x400929C0 W
0x4003C6C0 R
0x40092A00 W
0x4003C700 R
0x40092A40 W
0x4003C740 R
0x4003C780 R
0x40092B40 W
0x4003C7C0 R
0x40092B80 W
0x4003C800 R
0x40092BC0 W
0x4003C840 R
0x40092C00 W
0x4003C880 R
0x40092C40 W
0x4003C8C0 R
0x40092C80 W
0x4003C900 R
0x40092CC0 W
0x4003C940 R
0x40092D00 W
0x4003C980 R
0x40092D40 W
0x4003C9C0 R
0x4003CA00 R
0x40092E40 W
0x4003CA40 R
0x40092E80 W
0x4003CA80 R
0x40092EC0 W
0x4003CAC0 R
0x40092F00 W
0x4003CB00 R
0x40092F40 W
0x4003CB40 R
0x40092F80 W
0x4003CB80 R
0x40092FC0 W
0x4003CBC0 R
0x40093000 W
0x4003CC00 R
0x40093040 W
0x4003CC40 R
0x4003CC80 R
0x40093140 W
0x4003CCC0 R
0x40093180 W
0x4003CD00 R
0x400931C0 W
0x4003CD40 R
0x40093200 W
0x4003CD80 R
0x40093240 W
0x4003CDC0 R
0x40093280 W
0x4003CE00 R
0x400932C0 W
0x4003CE40 R
0x40093300 W
0x4003CE80 R
0x40093340 W
0x4003CEC0 R
0x4003CF00 R
0x40093440 W
0x4003CF40 R
0x40093480 W
0x4003CF80 R
0x400934C0 W
0x4003CFC0 R
0x40093500 W
0x4003D000 R
0x40093540 W
0x4003D040 R
0x40093580 W
0x4003D080 R
0x400935C0 W
0x4003D0C0 R
0x40093600 W
0x4003D100 R
0x40093640 W
0x4003D140 R
0x4003D180 R
0x40093740 W
0x4003D1C0 R
0x40093780 W
0x4003D200 R
0x400937C0 W
0x4003D240 R
0x40093800 W
0x4003D280 R
0x40093840 W
0x4003D2C0 R
0x40093880 W
0x4003D300 R
0x400938C0 W
0x4003D340 R
0x40093900 W
0x4003D380 R
0x40093940 W
0x4003D3C0 R
0x4003D400 R
0x40093A40 W
0x4003D440 R
0x40093A80 W
0x4003D480 R
0x40093AC0 W
0x4003D4C0 R
0x40093B00 W
0x4003D500 R
0x40093B40 W
0x4003D540 R
0x40093B80 W
0x4003D580 R
0x40093BC0 W
0x4003D5C0 R
0x40093C00 W
0x4003D600 R
0x40093C40 W
0x4003D640 R
0x4003D680 R
0x40093D40 W
0x4003D6C0 R
0x40093D80 W
0x4003D700 R
0x40093DC0 W
0x4003D740 R
0x40093E00 W
0x4003D780 R
0x40093E40 W
0x4003D7C0 R
0x40093E80 W
0x4003D800 R
0x40093EC0 W
0x4003D840 R
0x40093F00 W
0x4003D880 R
0x40093F40 W
0x4003D8C0 R
0x4003D900 R
0x40094040 W
0x4003D940 R
0x40094080 W
0x4003D980 R
0x400940C0 W
0x4003D9C0 R
0x40094100 W
0x4003DA00 R
0x40094140 W
0x4003DA40 R
0x40094180 W
0x4003DA80 R
0x400941C0 W
0x4003DAC0 R
0x40094200 W
0x4003DB00 R
0x40094240 W
0x4003DB40 R
0x4003DB80 R
0x40094340 W
0x4003DBC0 R
0x40094380 W
0x4003DC00 R
0x400943C0 W
0x4003DC40 R
0x40094400 W
0x4003DC80 R
0x40094440 W
0x4003DCC0 R
0x40094480 W
0x4003DD00 R
0x400944C0 W
0x4003DD40 R
0x40094500 W
0x4003DD80 R
0x40094540 W
0x4003DDC0 R
0x4003DE00 R
0x40094640 W
0x4003DE40 R
0x40094680 W
0x4003DE80 R
0x400946C0 W
0x4003DEC0 R
0x40094700 W
0x4003DF00 R
0x40094740 W
0x4003DF40 R
0x40094780 W
0x4003DF80 R
0x400947C0 W
0x4003DFC0 R
0x40094800 W
0x4003E000 R
0x40094840 W
0x4003E040 R
0x4003E080 R
0x40094940 W
0x4003E0C0 R
0x40094980 W
0x4003E100 R
0x400949C0 W
0x4003E140 R
0x40094A00 W
0x4003E180 R
0x40094A40 W
0x4003E1C0 R
0x40094A80 W
0x4003E200 R
0x40094AC0 W
0x4003E240 R
0x40094B00 W
0x4003E280 R
0x40094B40 W
0x4003E2C0 R
0x4003E300 R
0x40094C40 W
0x4003E340 R
0x40094C80 W
0x4003E380 R
0x40094CC0 W
0x4003E3C0 R
0x40094D00 W
0x4003E400 R
0x40094D40 W
0x4003E440 R
0x40094D80 W
0x4003E480 R
0x40094DC0 W
0x4003E4C0 R
0x40094E00 W
0x4003E500 R
0x40094E40 W
0x4003E540 R
0x4003E580 R
0x40094F40 W
0x4003E5C0 R
0x40094F80 W
0x4003E600 R
0x40094FC0 W
0x4003E640 R
0x40095000 W
0x4003E680 R
0x40095040 W
0x4003E6C0 R
0x40095080 W
0x4003E700 R
0x400950C0 W
0x4003E740 R
0x40095100 W
0x4003E780 R
0x40095140 W
0x4003E7C0 R
0x4003E800 R
0x40095240 W
0x4003E840 R
0x40095280 W
0x4003E880 R
0x400952C0 W
0x4003E8C0 R
0x40095300 W
0x4003E900 R
0x40095340 W
0x4003E940 R
0x40095380 W
0x4003E980 R
0x400953C0 W
0x4003E9C0 R
0x40095400 W
0x4003EA00 R
0x40095440 W
0x4003EA40 R
0x4003EA80 R
0x40095540 W
0x4003EAC0 R
0x40095580 W
0x4003EB00 R
0x400955C0 W
0x4003EB40 R
0x40095600 W
0x4003EB80 R
0x40095640 W
0x4003EBC0 R
0x40095680 W
0x4003EC00 R
0x400956C0 W
0x4003EC40 R
0x40095700 W
0x4003EC80 R
0x40095740 W
0x4003ECC0 R
0x4003ED00 R
0x40095840 W
0x4003ED40 R
0x40095880 W
0x4003ED80 R
0x400958C0 W
0x4003EDC0 R
0x40095900 W
0x4003EE00 R
0x40095940 W
0x4003EE40 R
0x40095980 W
0x4003EE80 R
0x400959C0 W
0x4003EEC0 R
0x40095A00 W
0x4003EF00 R
0x40095A40 W
0x4003EF40 R
0x4003EF80 R
0x40095B40 W
0x4003EFC0 R
0x40095B80 W
0x4003F000 R
0x40095BC0 W
0x4003F040 R
0x40095C00 W
0x4003F080 R
0x40095C40 W
0x4003F0C0 R
0x40095C80 W
0x4003F100 R
0x40095CC0 W
0x4003F140 R
0x40095D00 W
0x4003F180 R
0x40095D40 W
0x4003F1C0 R
0x4003F200 R
0x40095E40 W
0x4003F240 R
0x40095E80 W
0x4003F280 R
0x40095EC0 W
0x4003F2C0 R
0x40095F00 W
0x4003F300 R
0x40095F40 W
0x4003F340 R
0x40095F80 W
0x4003F380 R
0x40095FC0 W
0x4003F3C0 R
0x40096000 W
0x4003F400 R
0x40096040 W
0x4003F440 R
0x4003F480 R
0x40096140 W
0x4003F4C0 R
0x40096180 W
0x4003F500 R
0x400961C0 W
0x4003F540 R
0x40096200 W
0x4003F580 R
0x40096240 W
0x4003F5C0 R
0x40096280 W
0x4003F600 R
0x400962C0 W
0x4003F640 R
0x40096300 W
0x4003F680 R
0x40096340 W
0x4003F6C0 R
0x4003F700 R
0x40096440 W
0x4003F740 R
0x40096480 W
0x4003F780 R
0x400964C0 W
0x4003F7C0 R
0x40096500 W
0x4003F800 R
0x40096540 W
0x4003F840 R
0x40096580 W
0x4003F880 R
0x400965C0 W
0x4003F8C0 R
0x40096600 W
0x4003F900 R
0x40096640 W
0x4003F940 R
0x4003F980 R
0x40096740 W
0x4003F9C0 R
0x40096780 W
0x4003FA00 R
0x400967C0 W
0x4003FA40 R
0x40096800 W
0x4003FA80 R
0x40096840 W
0x4003FAC0 R
0x40096880 W
0x4003FB00 R
0x400968C0 W
0x4003FB40 R
0x40096900 W
0x4003FB80 R
0x40096940 W
0x4003FBC0 R
0x4003FC00 R
0x40096A40 W
0x4003FC40 R
0x40096A80 W
0x4003FC80 R
0x40096AC0 W
0x4003FCC0 R
0x40096B00 W
0x4003FD00 R
0x40096B40 W
0x4003FD40 R
0x40096B80 W
0x4003FD80 R
0x40096BC0 W
0x4003FDC0 R
0x40096C00 W
0x4003FE00 R
0x40096C40 W
0x4003FE40 R
0x4003FE80 R
0x40096D40 W
0x4003FEC0 R
0x40096D80 W
0x4003FF00 R
0x40096DC0 W
0x4003FF40 R
0x40096E00 W
0x4003FF80 R
0x40096E40 W
0x4003FFC0 R
0x40096E80 W
0x40040000 R
0x40096EC0 W
0x40040040 R
0x40096F00 W
0x40040080 R
0x40096F40 W
0x400400C0 R
0x40040100 R
0x40097040 W
0x40040140 R
0x40097080 W
0x40040180 R
0x400970C0 W
0x400401C0 R
0x40097100 W
0x40040200 R
0x40097140 W
0x40040240 R
0x40097180 W
0x40040280 R
0x400971C0 W
0x400402C0 R
0x40097200 W
0x40040300 R
0x40097240 W
0x40040340 R
0x40040380 R
0x40097340 W
0x400403C0 R
0x40097380 W
0x40040400 R
0x400973C0 W
0x40040440 R
0x40097400 W
0x40040480 R
0x40097440 W
0x400404C0 R
0x40097480 W
0x40040500 R
0x400974C0 W
0x40040540 R
0x40097500 W
0x40040580 R
0x40097540 W
0x400405C0 R
0x40040600 R
0x40097640 W
0x40040640 R
0x40097680 W
0x40040680 R
0x400976C0 W
0x400406C0 R
0x40097700 W
0x40040700 R
0x40097740 W
0x40040740 R
0x40097780 W
0x40040780 R
0x400977C0 W
0x400407C0 R
0x40097800 W
0x40040800 R
0x40097840 W
0x40040840 R
0x40040880 R
0x40097940 W
0x400408C0 R
0x40097980 W
0x40040900 R
0x400979C0 W
0x40040940 R
0x40097A00 W
0x40040980 R
0x40097A40 W
0x400409C0 R
0x40097A80 W
0x40040A00 R
0x40097AC0 W
0x40040A40 R
0x40097B00 W
0x40040A80 R
0x40097B40 W
0x40040AC0 R
0x40040B00 R
0x40097C40 W
0x40040B40 R
0x40097C80 W
0x40040B80 R
0x40097CC0 W
0x40040BC0 R
0x40097D00 W
0x40040C00 R
0x40097D40 W
0x40040C40 R
0x40097D80 W
0x40040C80 R
0x40097DC0 W
0x40040CC0 R
0x40097E00 W
0x40040D00 R
0x40097E40 W
0x40040D40 R
0x40040D80 R
0x40097F40 W
0x40040DC0 R
0x40097F80 W
0x40040E00 R
0x40097FC0 W
0x40040E40 R
0x40098000 W
0x40040E80 R
0x40098040 W
0x40040EC0 R
0x40098080 W
0x40040F00 R
0x400980C0 W
0x40040F40 R
0x40098100 W
0x40040F80 R
0x40098140 W
0x40040FC0 R
0x40041000 R
0x40098240 W
0x40041040 R
0x40098280 W
0x40041080 R
0x400982C0 W
0x400410C0 R
0x40098300 W
0x40041100 R
0x40098340 W
0x40041140 R
0x40098380 W
0x40041180 R
0x400983C0 W
0x400411C0 R
0x40098400 W
0x40041200 R
0x40098440 W
0x40041240 R
0x40041280 R
0x40098540 W
0x400412C0 R
0x40098580 W
0x40041300 R
0x400985C0 W
0x40041340 R
0x40098600 W
0x40041380 R
0x40098640 W
0x400413C0 R
0x40098680 W
0x40041400 R
0x400986C0 W
0x40041440 R
0x40098700 W
0x40041480 R
0x40098740 W
0x400414C0 R
0x40041500 R
0x40098840 W
0x40041540 R
0x40098880 W
0x40041580 R
0x400988C0 W
0x400415C0 R
0x40098900 W
0x40041600 R
0x40098940 W
0x40041640 R
0x40098980 W
0x40041680 R
0x400989C0 W
0x400416C0 R
0x40098A00 W
0x40041700 R
0x40098A40 W
0x40041740 R
0x40041780 R
0x40098B40 W
0x400417C0 R
0x40098B80 W
0x40041800 R
0x40098BC0 W
0x40041840 R
0x40098C00 W
0x40041880 R
0x40098C40 W
0x400418C0 R
0x40098C80 W
0x40041900 R
0x40098CC0 W
0x40041940 R
0x40098D00 W
0x40041980 R
0x40098D40 W
0x400419C0 R
0x40041A00 R
0x40098E40 W
0x40041A40 R
0x40098E80 W
0x40041A80 R
0x40098EC0 W
0x40041AC0 R
0x40098F00 W
0x40041B00 R
0x40098F40 W
0x40041B40 R
0x40098F80 W
0x40041B80 R
0x40098FC0 W
0x40041BC0 R
0x40099000 W
0x40041C00 R
0x40099040 W
0x40041C40 R
0x40041C80 R
0x40099140 W
0x40041CC0 R
0x40099180 W
0x40041D00 R
0x400991C0 W
0x40041D40 R
0x40099200 W
0x40041D80 R
0x40099240 W
0x40041DC0 R
0x40099280 W
0x40041E00 R
0x400992C0 W
0x40041E40 R
0x40099300 W
0x40041E80 R
0x40099340 W
0x40041EC0 R
0x40041F00 R
0x40099440 W
0x40041F40 R
0x40099480 W
0x40041F80 R
0x400994C0 W
0x40041FC0 R
0x40099500 W
0x40042000 R
0x40099540 W
0x40042040 R
0x40099580 W
0x40042080 R
0x400995C0 W
0x400420C0 R
0x40099600 W
0x40042100 R
0x40099640 W
0x40042140 R
0x40042180 R
0x40099740 W
0x400421C0 R
0x40099780 W
0x40042200 R
0x400997C0 W
0x40042240 R
0x40099800 W
0x40042280 R
0x40099840 W
0x400422C0 R
0x40099880 W
0x40042300 R
0x400998C0 W
0x40042340 R
0x40099900 W
0x40042380 R
0x40099940 W
0x400423C0 R
0x40042400 R
0x40099A40 W
0x40042440 R
0x40099A80 W
0x40042480 R
0x40099AC0 W
0x400424C0 R
0x40099B00 W
0x40042500 R
0x40099B40 W
0x40042540 R
0x40099B80 W
0x40042580 R
0x40099BC0 W
0x400425C0 R
0x40099C00 W
0x40042600 R
0x40099C40 W
0x40042640 R
0x40042680 R
0x40099D40 W
0x400426C0 R
0x40099D80 W
0x40042700 R
0x40099DC0 W
0x40042740 R
0x40099E00 W
0x40042780 R
0x40099E40 W
0x400427C0 R
0x40099E80 W
0x40042800 R
0x40099EC0 W
0x40042840 R
0x40099F00 W
0x40042880 R
0x40099F40 W
0x400428C0 R
0x40042900 R
0x4009A040 W
0x40042940 R
0x4009A080 W
0x40042980 R
0x4009A0C0 W
0x400429C0 R
0x4009A100 W
0x40042A00 R
0x4009A140 W
0x40042A40 R
0x4009A180 W
0x40042A80 R
0x4009A1C0 W
0x40042AC0 R
0x4009A200 W
0x40042B00 R
0x4009A240 W
0x40042B40 R
0x40042B80 R
0x4009A340 W
0x40042BC0 R
0x4009A380 W
0x40042C00 R
0x4009A3C0 W
0x40042C40 R
0x4009A400 W
0x40042C80 R
0x4009A440 W
0x40042CC0 R
0x4009A480 W
0x40042D00 R
0x4009A4C0 W
0x40042D40 R
0x4009A500 W
0x40042D80 R
0x4009A540 W
0x40042DC0 R
0x40042E00 R
0x4009A640 W
0x40042E40 R
0x4009A680 W
0x40042E80 R
0x4009A6C0 W
0x40042EC0 R
0x4009A700 W
0x40042F00 R
0x4009A740 W
0x40042F40 R
0x4009A780 W
0x40042F80 R
0x4009A7C0 W
0x40042FC0 R
0x4009A800 W
0x40043000 R
0x4009A840 W
0x40043040 R
0x40043080 R
0x4009A940 W
0x400430C0 R
0x4009A980 W
0x40043100 R
0x4009A9C0 W
0x40043140 R
0x4009AA00 W
0x40043180 R
0x4009AA40 W
0x400431C0 R
0x4009AA80 W
0x40043200 R
0x4009AAC0 W
0x40043240 R
0x4009AB00 W
0x40043280 R
0x4009AB40 W
0x400432C0 R
0x40043300 R
0x4009AC40 W
0x40043340 R
0x4009AC80 W
0x40043380 R
0x4009ACC0 W
0x400433C0 R
0x4009AD00 W
0x40043400 R
0x4009AD40 W
0x40043440 R
0x4009AD80 W
0x40043480 R
0x4009ADC0 W
0x400434C0 R
0x4009AE00 W
0x40043500 R
0x4009AE40 W
0x40043540 R
0x40043580 R
0x4009AF40 W
0x400435C0 R
0x4009AF80 W
0x40043600 R
0x4009AFC0 W
0x40043640 R
0x4009B000 W
0x40043680 R
0x4009B040 W
0x400436C0 R
0x4009B080 W
0x40043700 R
0x4009B0C0 W
0x40043740 R
0x4009B100 W
0x40043780 R
0x4009B140 W
0x400437C0 R
0x40043800 R
0x4009B240 W
0x40043840 R
0x4009B280 W
0x40043880 R
0x4009B2C0 W
0x400438C0 R
0x4009B300 W
0x40043900 R
0x4009B340 W
0x40043940 R
0x4009B380 W
0x40043980 R
0x4009B3C0 W
0x400439C0 R
0x4009B400 W
0x40043A00 R
0x4009B440 W
0x40043A40 R
0x40043A80 R
0x4009B540 W
0x40043AC0 R
0x4009B580 W
0x40043B00 R
0x4009B5C0 W
0x40043B40 R
0x4009B600 W
0x40043B80 R
0x4009B640 W
0x40043BC0 R
0x4009B680 W
0x40043C00 R
0x4009B6C0 W
0x40043C40 R
0x4009B700 W
0x40043C80 R
0x4009B740 W
0x40043CC0 R
0x40043D00 R
0x4009B840 W
0x40043D40 R
0x4009B880 W
0x40043D80 R
0x4009B8C0 W
0x40043DC0 R
0x4009B900 W
0x40043E00 R
0x4009B940 W
0x40043E40 R
0x4009B980 W
0x40043E80 R
0x4009B9C0 W
0x40043EC0 R
0x4009BA00 W
0x40043F00 R
0x4009BA40 W
0x40043F40 R
0x40043F80 R
0x4009BB40 W
0x40043FC0 R
0x4009BB80 W
0x40044000 R
0x4009BBC0 W
0x40044040 R
0x4009BC00 W
0x40044080 R
0x4009BC40 W
0x400440C0 R
0x4009BC80 W
0x40044100 R
0x4009BCC0 W
0x40044140 R
0x4009BD00 W
0x40044180 R
0x4009BD40 W
0x400441C0 R
0x40044200 R
0x4009BE40 W
0x40044240 R
0x4009BE80 W
0x40044280 R
0x4009BEC0 W
0x400442C0 R
0x4009BF00 W
0x40044300 R
0x4009BF40 W
0x40044340 R
0x4009BF80 W
0x40044380 R
0x4009BFC0 W
0x400443C0 R
0x4009C000 W
0x40044400 R
0x4009C040 W
0x40044440 R
0x40044480 R
0x4009C140 W
0x400444C0 R
0x4009C180 W
0x40044500 R
0x4009C1C0 W
0x40044540 R
0x4009C200 W
0x40044580 R
0x4009C240 W
0x400445C0 R
0x4009C280 W
0x40044600 R
0x4009C2C0 W
0x40044640 R
0x4009C300 W
0x40044680 R
0x4009C340 W
0x400446C0 R
0x40044700 R
0x4009C440 W
0x40044740 R
0x4009C480 W
0x40044780 R
0x4009C4C0 W
0x400447C0 R
0x4009C500 W
0x40044800 R
0x4009C540 W
0x40044840 R
0x4009C580 W
0x40044880 R
0x4009C5C0 W
0x400448C0 R
0x4009C600 W
0x40044900 R
0x4009C640 W
0x40044940 R
0x40044980 R
0x4009C740 W
0x400449C0 R
0x4009C780 W
0x40044A00 R
0x4009C7C0 W
0x40044A40 R
0x4009C800 W
0x40044A80 R
0x4009C840 W
0x40044AC0 R
0x4009C880 W
0x40044B00 R
0x4009C8C0 W
0x40044B40 R
0x4009C900 W
0x40044B80 R
0x4009C940 W
0x40044BC0 R
0x40044C00 R
0x4009CA40 W
0x40044C40 R
0x4009CA80 W
0x40044C80 R
0x4009CAC0 W
0x40044CC0 R
0x4009CB00 W
0x40044D00 R
0x4009CB40 W
0x40044D40 R
0x4009CB80 W
0x40044D80 R
0x4009CBC0 W
0x40044DC0 R
0x4009CC00 W
0x40044E00 R
0x4009CC40 W
0x40044E40 R
0x40044E80 R
0x4009CD40 W
0x40044EC0 R
0x4009CD80 W
0x40044F00 R
0x4009CDC0 W
0x40044F40 R
0x4009CE00 W
0x40044F80 R
0x4009CE40 W
0x40044FC0 R
0x4009CE80 W
0x40045000 R
0x4009CEC0 W
0x40045040 R
0x4009CF00 W
0x40045080 R
0x4009CF40 W
0x400450C0 R
0x40045100 R
0x4009D040 W
0x40045140 R
0x4009D080 W
0x40045180 R
0x4009D0C0 W
0x400451C0 R
0x4009D100 W
0x40045200 R
0x4009D140 W
0x40045240 R
0x4009D180 W
0x40045280 R
0x4009D1C0 W
0x400452C0 R
0x4009D200 W
0x40045300 R
0x4009D240 W
0x40045340 R
0x40045380 R
0x4009D340 W
0x400453C0 R
0x4009D380 W
0x40045400 R
0x4009D3C0 W
0x40045440 R
0x4009D400 W
0x40045480 R
0x4009D440 W
0x400454C0 R
0x4009D480 W
0x40045500 R
0x4009D4C0 W
0x40045540 R
0x4009D500 W
0x40045580 R
0x4009D540 W
0x400455C0 R
0x40045600 R
0x4009D640 W
0x40045640 R
0x4009D680 W
0x40045680 R
0x4009D6C0 W
0x400456C0 R
0x4009D700 W
0x40045700 R
0x4009D740 W
0x40045740 R
0x4009D780 W
0x40045780 R
0x4009D7C0 W
0x400457C0 R
0x4009D800 W
0x40045800 R
0x4009D840 W
0x40045840 R
0x40045880 R
0x4009D940 W
0x400458C0 R
0x4009D980 W
0x40045900 R
0x4009D9C0 W
0x40045940 R
0x4009DA00 W
0x40045980 R
0x4009DA40 W
0x400459C0 R
0x4009DA80 W
0x40045A00 R
0x4009DAC0 W
0x40045A40 R
0x4009DB00 W
0x40045A80 R
0x4009DB40 W
0x40045AC0 R
0x40045B00 R
0x4009DC40 W
0x40045B40 R
0x4009DC80 W
0x40045B80 R
0x4009DCC0 W
0x40045BC0 R
0x4009DD00 W
0x40045C00 R
0x4009DD40 W
0x40045C40 R
0x4009DD80 W
0x40045C80 R
0x4009DDC0 W
0x40045CC0 R
0x4009DE00 W
0x40045D00 R
0x4009DE40 W
0x40045D40 R
0x40045D80 R
0x4009DF40 W
0x40045DC0 R
0x4009DF80 W
0x40045E00 R
0x4009DFC0 W
0x40045E40 R
0x4009E000 W
0x40045E80 R
0x4009E040 W
0x40045EC0 R
0x4009E080 W
0x40045F00 R
0x4009E0C0 W
0x40045F40 R
0x4009E100 W
0x40045F80 R
0x4009E140 W
0x40045FC0 R
0x40046000 R
0x4009E240 W
0x40046040 R
0x4009E280 W
0x40046080 R
0x4009E2C0 W
0x400460C0 R
0x4009E300 W
0x40046100 R
0x4009E340 W
0x40046140 R
0x4009E380 W
0x40046180 R
0x4009E3C0 W
0x400461C0 R
0x4009E400 W
0x40046200 R
0x4009E440 W
0x40046240 R
0x40046280 R
0x4009E540 W
0x400462C0 R
0x4009E580 W
0x40046300 R
0x4009E5C0 W
0x40046340 R
0x4009E600 W
0x40046380 R
0x4009E640 W
0x400463C0 R
0x4009E680 W
0x40046400 R
0x4009E6C0 W
0x40046440 R
0x4009E700 W
0x40046480 R
0x4009E740 W
0x400464C0 R
0x40046500 R
0x4009E840 W
0x40046540 R
0x4009E880 W
0x40046580 R
0x4009E8C0 W
0x400465C0 R
0x4009E900 W
0x40046600 R
0x4009E940 W
0x40046640 R
0x4009E980 W
0x40046680 R
0x4009E9C0 W
0x400466C0 R
0x4009EA00 W
0x40046700 R
0x4009EA40 W
0x40046740 R
0x40046780 R
0x4009EB40 W
0x400467C0 R
0x4009EB80 W
0x40046800 R
0x4009EBC0 W
0x40046840 R
0x4009EC00 W
0x40046880 R
0x4009EC40 W
0x400468C0 R
0x4009EC80 W
0x40046900 R
0x4009ECC0 W
0x40046940 R
0x4009ED00 W
0x40046980 R
0x4009ED40 W
0x400469C0 R
0x40046A00 R
0x4009EE40 W
0x40046A40 R
0x4009EE80 W
0x40046A80 R
0x4009EEC0 W
0x40046AC0 R
0x4009EF00 W
0x40046B00 R
0x4009EF40 W
0x40046B40 R
0x4009EF80 W
0x40046B80 R
0x4009EFC0 W
0x40046BC0 R
0x4009F000 W
0x40046C00 R
0x4009F040 W
0x40046C40 R
0x40046C80 R
0x4009F140 W
0x40046CC0 R
0x4009F180 W
0x40046D00 R
0x4009F1C0 W
0x40046D40 R
0x4009F200 W
0x40046D80 R
0x4009F240 W
0x40046DC0 R
0x4009F280 W
0x40046E00 R
0x4009F2C0 W
0x40046E40 R
0x4009F300 W
0x40046E80 R
0x4009F340 W
0x40046EC0 R
0x40046F00 R
0x4009F440 W
0x40046F40 R
0x4009F480 W
0x40046F80 R
0x4009F4C0 W
0x40046FC0 R
0x4009F500 W
0x40047000 R
0x4009F540 W
0x40047040 R
0x4009F580 W
0x40047080 R
0x4009F5C0 W
0x400470C0 R
0x4009F600 W
0x40047100 R
0x4009F640 W
0x40047140 R
0x40047180 R
0x4009F740 W
0x400471C0 R
0x4009F780 W
0x40047200 R
0x4009F7C0 W
0x40047240 R
0x4009F800 W
0x40047280 R
0x4009F840 W
0x400472C0 R
0x4009F880 W
0x40047300 R
0x4009F8C0 W
0x40047340 R
0x4009F900 W
0x40047380 R
0x4009F940 W
0x400473C0 R
0x40047400 R
0x4009FA40 W
0x40047440 R
0x4009FA80 W
0x40047480 R
0x4009FAC0 W
0x400474C0 R
0x4009FB00 W
0x40047500 R
0x4009FB40 W
0x40047540 R
0x4009FB80 W
0x40047580 R
0x4009FBC0 W
0x400475C0 R
0x4009FC00 W
0x40047600 R
0x4009FC40 W
0x40047640 R
0x40047680 R
0x4009FD40 W
0x400476C0 R
0x4009FD80 W
0x40047700 R
0x4009FDC0 W
0x40047740 R
0x4009FE00 W
0x40047780 R
0x4009FE40 W
0x400477C0 R
0x4009FE80 W
0x40047800 R
0x4009FEC0 W
0x40047840 R
0x4009FF00 W
0x40047880 R
0x4009FF40 W
0x400478C0 R
0x40047900 R
0x400A0040 W
0x40047940 R
0x400A0080 W
0x40047980 R
0x400A00C0 W
0x400479C0 R
0x400A0100 W
0x40047A00 R
0x400A0140 W
0x40047A40 R
0x400A0180 W
0x40047A80 R
0x400A01C0 W
0x40047AC0 R
0x400A0200 W
0x40047B00 R
0x400A0240 W
0x40047B40 R
0x40047B80 R
0x400A0340 W
0x40047BC0 R
0x400A0380 W
0x40047C00 R
0x400A03C0 W
0x40047C40 R
0x400A0400 W
0x40047C80 R
0x400A0440 W
0x40047CC0 R
0x400A0480 W
0x40047D00 R
0x400A04C0 W
0x40047D40 R
0x400A0500 W
0x40047D80 R
0x400A0540 W
0x40047DC0 R
0x40047E00 R
0x400A0640 W
0x40047E40 R
0x400A0680 W
0x40047E80 R
0x400A06C0 W
0x40047EC0 R
0x400A0700 W
0x40047F00 R
0x400A0740 W
0x40047F40 R
0x400A0780 W
0x40047F80 R
0x400A07C0 W
0x40047FC0 R
0x400A0800 W
0x40048000 R
0x400A0840 W
0x40048040 R
0x40048080 R
0x400A0940 W
0x400480C0 R
0x400A0980 W
0x40048100 R
0x400A09C0 W
0x40048140 R
0x400A0A00 W
0x40048180 R
0x400A0A40 W
0x400481C0 R
0x400A0A80 W
0x40048200 R
0x400A0AC0 W
0x40048240 R
0x400A0B00 W
0x40048280 R
0x400A0B40 W
0x400482C0 R
0x40048300 R
0x400A0C40 W
0x40048340 R
0x400A0C80 W
0x40048380 R
0x400A0CC0 W
0x400483C0 R
0x400A0D00 W
0x40048400 R
0x400A0D40 W
0x40048440 R
0x400A0D80 W
0x40048480 R
0x400A0DC0 W
0x400484C0 R
0x400A0E00 W
0x40048500 R
0x400A0E40 W
0x40048540 R
0x40048580 R
0x400A0F40 W
0x400485C0 R
0x400A0F80 W
0x40048600 R
0x400A0FC0 W
0x40048640 R
0x400A1000 W
0x40048680 R
0x400A1040 W
0x400486C0 R
0x400A1080 W
0x40048700 R
0x400A10C0 W
0x40048740 R
0x400A1100 W
0x40048780 R
0x400A1140 W
0x400487C0 R
0x40048800 R
0x400A1240 W
0x40048840 R
0x400A1280 W
0x40048880 R
0x400A12C0 W
0x400488C0 R
0x400A1300 W
0x40048900 R
0x400A1340 W
0x40048940 R
0x400A1380 W
0x40048980 R
0x400A13C0 W
0x400489C0 R
0x400A1400 W
0x40048A00 R
0x400A1440 W
0x40048A40 R
0x40048A80 R
0x400A1540 W
0x40048AC0 R
0x400A1580 W
0x40048B00 R
0x400A15C0 W
0x40048B40 R
0x400A1600 W
0x40048B80 R
0x400A1640 W
0x40048BC0 R
0x400A1680 W
0x40048C00 R
0x400A16C0 W
0x40048C40 R
0x400A1700 W
0x40048C80 R
0x400A1740 W
0x40048CC0 R
0x40048D00 R
0x400A1840 W
0x40048D40 R
0x400A1880 W
0x40048D80 R
0x400A18C0 W
0x40048DC0 R
0x400A1900 W
0x40048E00 R
0x400A1940 W
0x40048E40 R
0x400A1980 W
0x40048E80 R
0x400A19C0 W
0x40048EC0 R
0x400A1A00 W
0x40048F00 R
0x400A1A40 W
0x40048F40 R
0x40048F80 R
0x400A1B40 W
0x40048FC0 R
0x400A1B80 W
0x40049000 R
0x400A1BC0 W
0x40049040 R
0x400A1C00 W
0x40049080 R
0x400A1C40 W
0x400490C0 R
0x400A1C80 W
0x40049100 R
0x400A1CC0 W
0x40049140 R
0x400A1D00 W
0x40049180 R
0x400A1D40 W
0x400491C0 R
0x40049200 R
0x400A1E40 W
0x40049240 R
0x400A1E80 W
0x40049280 R
0x400A1EC0 W
0x400492C0 R
0x400A1F00 W
0x40049300 R
0x400A1F40 W
0x40049340 R
0x400A1F80 W
0x40049380 R
0x400A1FC0 W
0x400493C0 R
0x400A2000 W
0x40049400 R
0x400A2040 W
0x40049440 R
0x40049480 R
0x400A2140 W
0x400494C0 R
0x400A2180 W
0x40049500 R
0x400A21C0 W
0x40049540 R
0x400A2200 W
0x40049580 R
0x400A2240 W
0x400495C0 R
0x400A2280 W
0x40049600 R
0x400A22C0 W
0x40049640 R
0x400A2300 W
0x40049680 R
0x400A2340 W
0x400496C0 R
0x40049700 R
0x400A2440 W
0x40049740 R
0x400A2480 W
0x40049780 R
0x400A24C0 W
0x400497C0 R
0x400A2500 W
0x40049800 R
0x400A2540 W
0x40049840 R
0x400A2580 W
0x40049880 R
0x400A25C0 W
0x400498C0 R
0x400A2600 W
0x40049900 R
0x400A2640 W
0x40049940 R
0x40049980 R
0x400A2740 W
0x400499C0 R
0x400A2780 W
0x40049A00 R
0x400A27C0 W
0x40049A40 R
0x400A2800 W
0x40049A80 R
0x400A2840 W
0x40049AC0 R
0x40049B00 R
0x400A28C0 W
0x40049B40 R
0x400A2900 W
0x40049B80 R
0x400A2940 W
0x40049BC0 R
0x40049C00 R
0x400A2A40 W
0x40049C40 R
0x400A2A80 W
0x40049C80 R
0x400A2AC0 W
0x40049CC0 R
0x400A2B00 W
0x40049D00 R
0x400A2B40 W
0x40049D40 R
0x400A2B80 W
0x40049D80 R
0x400A2BC0 W
0x40049DC0 R
0x400A2C00 W
0x40049E00 R
0x400A2C40 W
0x40049E40 R
0x40049E80 R
0x400A2D40 W
0x40049EC0 R
0x400A2D80 W
0x40049F00 R
0x400A2DC0 W
0x40049F40 R
0x400A2E00 W
0x40049F80 R
0x400A2E40 W
0x40049FC0 R
0x400A2E80 W
0x4004A000 R
0x400A2EC0 W
0x4004A040 R
0x400A2F00 W
0x4004A080 R
0x400A2F40 W
0x4004A0C0 R
0x4004A100 R
0x400A3040 W
0x4004A140 R
0x400A3080 W
0x4004A180 R
0x400A30C0 W
0x4004A1C0 R
0x400A3100 W
0x4004A200 R
0x400A3140 W
0x4004A240 R
0x400A3180 W
0x4004A280 R
0x400A31C0 W
0x4004A2C0 R
0x400A3200 W
0x4004A300 R
0x400A3240 W
0x4004A340 R
0x4004A380 R
0x400A3340 W
0x4004A3C0 R
0x400A3380 W
0x4004A400 R
0x400A33C0 W
0x4004A440 R
0x400A3400 W
0x4004A480 R
0x400A3440 W
0x4004A4C0 R
0x400A3480 W
0x4004A500 R
0x400A34C0 W
0x4004A540 R
0x400A3500 W
0x4004A580 R
0x400A3540 W
0x4004A5C0 R
0x4004A600 R
0x400A3640 W
0x4004A640 R
0x400A3680 W
0x4004A680 R
0x400A36C0 W
0x4004A6C0 R
0x400A3700 W
0x4004A700 R
0x400A3740 W
0x4004A740 R
0x400A3780 W
0x4004A780 R
0x400A37C0 W
0x4004A7C0 R
0x400A3800 W
0x4004A800 R
0x400A3840 W
0x4004A840 R
0x4004A880 R
0x400A3940 W
0x4004A8C0 R
0x400A3980 W
0x4004A900 R
0x400A39C0 W
0x4004A940 R
0x400A3A00 W
0x4004A980 R
0x400A3A40 W
0x4004A9C0 R
0x400A3A80 W
0x4004AA00 R
0x400A3AC0 W
0x4004AA40 R
0x400A3B00 W
0x4004AA80 R
0x400A3B40 W
0x4004AAC0 R
0x4004AB00 R
0x400A3C40 W
0x4004AB40 R
0x400A3C80 W
0x4004AB80 R
0x400A3CC0 W
0x4004ABC0 R
0x400A3D00 W
0x4004AC00 R
0x400A3D40 W
0x4004AC40 R
0x400A3D80 W
0x4004AC80 R
0x400A3DC0 W
0x4004ACC0 R
0x400A3E00 W
0x4004AD00 R
0x400A3E40 W
0x4004AD40 R
0x4004AD80 R
0x400A3F40 W
0x4004ADC0 R
0x400A3F80 W
0x4004AE00 R
0x400A3FC0 W
0x4004AE40 R
0x400A4000 W
0x4004AE80 R
0x400A4040 W
0x4004AEC0 R
0x400A4080 W
0x4004AF00 R
0x400A40C0 W
0x4004AF40 R
0x400A4100 W
0x4004AF80 R
0x400A4140 W
0x4004AFC0 R
0x4004B000 R
0x400A4240 W
0x4004B040 R
0x400A4280 W
0x4004B080 R
0x400A42C0 W
0x4004B0C0 R
0x400A4300 W
0x4004B100 R
0x400A4340 W
0x4004B140 R
0x400A4380 W
0x4004B180 R
0x400A43C0 W
0x4004B1C0 R
0x400A4400 W
0x4004B200 R
0x400A4440 W
0x4004B240 R
0x4004B280 R
0x400A4540 W
0x4004B2C0 R
0x400A4580 W
0x4004B300 R
0x400A45C0 W
0x4004B340 R
0x400A4600 W
0x4004B380 R
0x400A4640 W
0x4004B3C0 R
0x400A4680 W
0x4004B400 R
0x400A46C0 W
0x4004B440 R
0x400A4700 W
0x4004B480 R
0x400A4740 W
0x4004B4C0 R
0x4004B500 R
0x400A4840 W
0x4004B540 R
0x400A4880 W
0x4004B580 R
0x400A48C0 W
0x4004B5C0 R
0x400A4900 W
0x4004B600 R
0x400A4940 W
0x4004B640 R
0x400A4980 W
0x4004B680 R
0x400A49C0 W
0x4004B6C0 R
0x400A4A00 W
0x4004B700 R
0x400A4A40 W
0x4004B740 R
0x4004B780 R
0x400A4B40 W
0x4004B7C0 R
0x400A4B80 W
0x4004B800 R
0x400A4BC0 W
0x4004B840 R
0x400A4C00 W
0x4004B880 R
0x400A4C40 W
0x4004B8C0 R
0x400A4C80 W
0x4004B900 R
0x400A4CC0 W
0x4004B940 R
0x400A4D00 W
0x4004B980 R
0x400A4D40 W
0x4004B9C0 R
0x4004BA00 R
0x400A4E40 W
0x4004BA40 R
0x400A4E80 W
0x4004BA80 R
0x400A4EC0 W
0x4004BAC0 R
0x400A4F00 W
0x4004BB00 R
0x400A4F40 W
0x4004BB40 R
0x400A4F80 W
0x4004BB80 R
0x400A4FC0 W
0x4004BBC0 R
0x400A5000 W
0x4004BC00 R
0x400A5040 W
0x4004BC40 R
0x4004BC80 R
0x400A5140 W
0x4004BCC0 R
0x400A5180 W
0x4004BD00 R
0x400A51C0 W
0x4004BD40 R
0x400A5200 W
0x4004BD80 R
0x400A5240 W
0x4004BDC0 R
0x400A5280 W
0x4004BE00 R
0x400A52C0 W
0x4004BE40 R
0x400A5300 W
0x4004BE80 R
0x400A5340 W
0x4004BEC0 R
0x4004BF00 R
0x400A5440 W
0x4004BF40 R
0x400A5480 W
0x4004BF80 R
0x400A54C0 W
0x4004BFC0 R
0x400A5500 W
0x4004C000 R
0x400A5540 W
0x4004C040 R
0x400A5580 W
0x4004C080 R
0x400A55C0 W
0x4004C0C0 R
0x400A5600 W
0x4004C100 R
0x400A5640 W
0x4004C140 R
0x4004C180 R
0x400A5740 W
0x4004C1C0 R
0x400A5780 W
0x4004C200 R
0x400A57C0 W
0x4004C240 R
0x400A5800 W
0x4004C280 R
0x400A5840 W
0x4004C2C0 R
0x400A5880 W
0x4004C300 R
0x400A58C0 W
0x4004C340 R
0x400A5900 W
0x4004C380 R
0x400A5940 W
0x4004C3C0 R
0x4004C400 R
0x400A5A40 W
0x4004C440 R
0x400A5A80 W
0x4004C480 R
0x400A5AC0 W
0x4004C4C0 R
0x400A5B00 W
0x4004C500 R
0x400A5B40 W
0x4004C540 R
0x400A5B80 W
0x4004C580 R
0x400A5BC0 W
0x4004C5C0 R
0x400A5C00 W
0x4004C600 R
0x400A5C40 W
0x4004C640 R
0x4004C680 R
0x400A5D40 W
0x4004C6C0 R
0x400A5D80 W
0x4004C700 R
0x400A5DC0 W
0x4004C740 R
0x400A5E00 W
0x4004C780 R
0x400A5E40 W
0x4004C7C0 R
0x400A5E80 W
0x4004C800 R
0x400A5EC0 W
0x4004C840 R
0x400A5F00 W
0x4004C880 R
0x400A5F40 W
0x4004C8C0 R
0x4004C900 R
0x400A6040 W
0x4004C940 R
0x400A6080 W
0x4004C980 R
0x400A60C0 W
0x4004C9C0 R
0x400A6100 W
0x4004CA00 R
0x400A6140 W
0x4004CA40 R
0x400A6180 W
0x4004CA80 R
0x400A61C0 W
0x4004CAC0 R
0x400A6200 W
0x4004CB00 R
0x400A6240 W
0x4004CB40 R
0x4004CB80 R
0x400A6340 W
0x4004CBC0 R
0x400A6380 W
0x4004CC00 R
0x400A63C0 W
0x4004CC40 R
0x400A6400 W
0x4004CC80 R
0x400A6440 W
0x4004CCC0 R
0x400A6480 W
0x4004CD00 R
0x400A64C0 W
0x4004CD40 R
0x400A6500 W
0x4004CD80 R
0x400A6540 W
0x4004CDC0 R
0x4004CE00 R
0x400A6640 W
0x4004CE40 R
0x400A6680 W
0x4004CE80 R
0x400A66C0 W
0x4004CEC0 R
0x400A6700 W
0x4004CF00 R
0x400A6740 W
0x4004CF40 R
0x400A6780 W
0x4004CF80 R
0x400A67C0 W
0x4004CFC0 R
0x400A6800 W
0x4004D000 R
0x400A6840 W
0x4004D040 R
0x4004D080 R
0x400A6940 W
0x4004D0C0 R
0x400A6980 W
0x4004D100 R
0x400A69C0 W
0x4004D140 R
0x400A6A00 W
0x4004D180 R
0x400A6A40 W
0x4004D1C0 R
0x400A6A80 W
0x4004D200 R
0x400A6AC0 W
0x4004D240 R
0x400A6B00 W
0x4004D280 R
0x400A6B40 W
0x4004D2C0 R
0x4004D300 R
0x400A6C40 W
0x4004D340 R
0x400A6C80 W
0x4004D380 R
0x400A6CC0 W
0x4004D3C0 R
0x400A6D00 W
0x4004D400 R
0x400A6D40 W
0x4004D440 R
0x400A6D80 W
0x4004D480 R
0x400A6DC0 W
0x4004D4C0 R
0x400A6E00 W
0x4004D500 R
0x400A6E40 W
0x4004D540 R
0x4004D580 R
0x400A6F40 W
0x4004D5C0 R
0x400A6F80 W
0x4004D600 R
0x400A6FC0 W
0x4004D640 R
0x400A7000 W
0x4004D680 R
0x400A7040 W
0x4004D6C0 R
0x400A7080 W
0x4004D700 R
0x400A70C0 W
0x4004D740 R
0x400A7100 W
0x4004D780 R
0x400A7140 W
0x4004D7C0 R
0x4004D800 R
0x400A7240 W
0x4004D840 R
0x400A7280 W
0x4004D880 R
0x400A72C0 W
0x4004D8C0 R
0x400A7300 W
0x4004D900 R
0x400A7340 W
0x4004D940 R
0x400A7380 W
0x4004D980 R
0x400A73C0 W
0x4004D9C0 R
0x400A7400 W
0x4004DA00 R
0x400A7440 W
0x4004DA40 R
0x4004DA80 R
0x400A7540 W
0x4004DAC0 R
0x400A7580 W
0x4004DB00 R
0x400A75C0 W
0x4004DB40 R
0x400A7600 W
0x4004DB80 R
0x400A7640 W
0x4004DBC0 R
0x400A7680 W
0x4004DC00 R
0x400A76C0 W
0x4004DC40 R
0x400A7700 W
0x4004DC80 R
0x400A7740 W
0x4004DCC0 R
0x4004DD00 R
0x400A7840 W
0x4004DD40 R
0x400A7880 W
0x4004DD80 R
0x400A78C0 W
0x4004DDC0 R
0x400A7900 W
0x4004DE00 R
0x400A7940 W
0x4004DE40 R
0x400A7980 W
0x4004DE80 R
0x400A79C0 W
0x4004DEC0 R
0x400A7A00 W
0x4004DF00 R
0x400A7A40 W
0x4004DF40 R
0x4004DF80 R
0x400A7B40 W
0x4004DFC0 R
0x400A7B80 W
0x4004E000 R
0x400A7BC0 W
0x4004E040 R
0x400A7C00 W
0x4004E080 R
0x400A7C40 W
0x4004E0C0 R
0x400A7C80 W
0x4004E100 R
0x400A7CC0 W
0x4004E140 R
0x400A7D00 W
0x4004E180 R
0x400A7D40 W
0x4004E1C0 R
0x4004E200 R
0x400A7E40 W
0x4004E240 R
0x400A7E80 W
0x4004E280 R
0x400A7EC0 W
0x4004E2C0 R
0x400A7F00 W
0x4004E300 R
0x400A7F40 W
0x4004E340 R
0x400A7F80 W
0x4004E380 R
0x400A7FC0 W
0x4004E3C0 R
0x400A8000 W
0x4004E400 R
0x400A8040 W
0x4004E440 R
0x4004E480 R
0x400A8140 W
0x4004E4C0 R
0x400A8180 W
0x4004E500 R
0x400A81C0 W
0x4004E540 R
0x400A8200 W
0x4004E580 R
0x400A8240 W
0x4004E5C0 R
0x400A8280 W
0x4004E600 R
0x400A82C0 W
0x4004E640 R
0x400A8300 W
0x4004E680 R
0x400A8340 W
0x4004E6C0 R
0x4004E700 R
0x400A8440 W
0x4004E740 R
0x400A8480 W
0x4004E780 R
0x400A84C0 W
0x4004E7C0 R
0x400A8500 W
0x4004E800 R
0x400A8540 W
0x4004E840 R
0x400A8580 W
0x4004E880 R
0x400A85C0 W
0x4004E8C0 R
0x400A8600 W
0x4004E900 R
0x400A8640 W
0x4004E940 R
0x4004E980 R
0x400A8740 W
0x4004E9C0 R
0x400A8780 W
0x4004EA00 R
0x400A87C0 W
0x4004EA40 R
0x400A8800 W
0x4004EA80 R
0x400A8840 W
0x4004EAC0 R
0x400A8880 W
0x4004EB00 R
0x400A88C0 W
0x4004EB40 R
0x400A8900 W
0x4004EB80 R
0x400A8940 W
0x4004EBC0 R
0x4004EC00 R
0x400A8A40 W
0x4004EC40 R
0x400A8A80 W
0x4004EC80 R
0x400A8AC0 W
0x4004ECC0 R
0x400A8B00 W
0x4004ED00 R
0x400A8B40 W
0x4004ED40 R
0x400A8B80 W
0x4004ED80 R
0x400A8BC0 W
0x4004EDC0 R
0x400A8C00 W
0x4004EE00 R
0x400A8C40 W
0x4004EE40 R
0x4004EE80 R
0x400A8D40 W
0x4004EEC0 R
0x400A8D80 W
0x4004EF00 R
0x400A8DC0 W
0x4004EF40 R
0x400A8E00 W
0x4004EF80 R
0x400A8E40 W
0x4004EFC0 R
0x400A8E80 W
0x4004F000 R
0x400A8EC0 W
0x4004F040 R
0x400A8F00 W
0x4004F080 R
0x400A8F40 W
0x4004F0C0 R
0x4004F100 R
0x400A9040 W
0x4004F140 R
0x400A9080 W
0x4004F180 R
0x400A90C0 W
0x4004F1C0 R
0x400A9100 W
0x4004F200 R
0x400A9140 W
0x4004F240 R
0x400A9180 W
0x4004F280 R
0x400A91C0 W
0x4004F2C0 R
0x400A9200 W
0x4004F300 R
0x400A9240 W
0x4004F340 R
0x4004F380 R
0x400A9340 W
0x4004F3C0 R
0x400A9380 W
0x4004F400 R
0x400A93C0 W
0x4004F440 R
0x400A9400 W
0x4004F480 R
0x400A9440 W
0x4004F4C0 R
0x400A9480 W
0x4004F500 R
0x400A94C0 W
0x4004F540 R
0x400A9500 W
0x4004F580 R
0x400A9540 W
0x4004F5C0 R
0x4004F600 R
0x400A9640 W
0x4004F640 R
0x400A9680 W
0x4004F680 R
0x400A96C0 W
0x4004F6C0 R
0x400A9700 W
0x4004F700 R
0x400A9740 W
0x4004F740 R
0x400A9780 W
0x4004F780 R
0x400A97C0 W
0x4004F7C0 R
0x400A9800 W
0x4004F800 R
0x400A9840 W
0x4004F840 R
0x4004F880 R
0x400A9940 W
0x4004F8C0 R
0x400A9980 W
0x4004F900 R
0x400A99C0 W
0x4004F940 R
0x400A9A00 W
0x4004F980 R
0x400A9A40 W
0x4004F9C0 R
0x400A9A80 W
0x4004FA00 R
0x400A9AC0 W
0x4004FA40 R
0x400A9B00 W
0x4004FA80 R
0x400A9B40 W
0x4004FAC0 R
0x4004FB00 R
0x400A9C40 W
0x4004FB40 R
0x400A9C80 W
0x4004FB80 R
0x400A9CC0 W
0x4004FBC0 R
0x400A9D00 W
0x4004FC00 R
0x400A9D40 W
0x4004FC40 R
0x400A9D80 W
0x4004FC80 R
0x400A9DC0 W
0x4004FCC0 R
0x400A9E00 W
0x4004FD00 R
0x400A9E40 W
0x4004FD40 R
0x4004FD80 R
0x400A9F40 W
0x4004FDC0 R
0x400A9F80 W
0x4004FE00 R
0x400A9FC0 W
0x4004FE40 R
0x400AA000 W
0x4004FE80 R
0x400AA040 W
0x4004FEC0 R
0x400AA080 W
0x4004FF00 R
0x400AA0C0 W
0x4004FF40 R
0x400AA100 W
0x4004FF80 R
0x400AA140 W
0x4004FFC0 R
0x40050000 R
0x400AA240 W
0x40050040 R
0x400AA280 W
0x40050080 R
0x400AA2C0 W
0x400500C0 R
0x400AA300 W
0x40050100 R
0x400AA340 W
0x40050140 R
0x400AA380 W
0x40050180 R
0x400AA3C0 W
0x400501C0 R
0x400AA400 W
0x40050200 R
0x400AA440 W
0x40050240 R
0x40050280 R
0x400AA540 W
0x400502C0 R
0x400AA580 W
0x40050300 R
0x400AA5C0 W
0x40050340 R
0x400AA600 W
0x40050380 R
0x400AA640 W
0x400503C0 R
0x400AA680 W
0x40050400 R
0x400AA6C0 W
0x40050440 R
0x400AA700 W
0x40050480 R
0x400AA740 W
0x400504C0 R
0x40050500 R
0x400AA840 W
0x40050540 R
0x400AA880 W
0x40050580 R
0x400AA8C0 W
0x400505C0 R
0x400AA900 W
0x40050600 R
0x400AA940 W
0x40050640 R
0x400AA980 W
0x40050680 R
0x400AA9C0 W
0x400506C0 R
0x400AAA00 W
0x40050700 R
0x400AAA40 W
0x40050740 R
0x40050780 R
0x400AAB40 W
0x400507C0 R
0x400AAB80 W
0x40050800 R
0x400AABC0 W
0x40050840 R
0x400AAC00 W
0x40050880 R
0x400AAC40 W
0x400508C0 R
0x400AAC80 W
0x40050900 R
0x400AACC0 W
0x40050940 R
0x400AAD00 W
0x40050980 R
0x400AAD40 W
0x400509C0 R
0x40050A00 R
0x400AAE40 W
0x40050A40 R
0x400AAE80 W
0x40050A80 R
0x400AAEC0 W
0x40050AC0 R
0x400AAF00 W
0x40050B00 R
0x400AAF40 W
0x40050B40 R
0x400AAF80 W
0x40050B80 R
0x400AAFC0 W
0x40050BC0 R
0x400AB000 W
0x40050C00 R
0x400AB040 W
0x40050C40 R
0x40050C80 R
0x400AB140 W
0x40050CC0 R
0x400AB180 W
0x40050D00 R
0x400AB1C0 W
0x40050D40 R
0x400AB200 W
0x40050D80 R
0x400AB240 W
0x40050DC0 R
0x400AB280 W
0x40050E00 R
0x400AB2C0 W
0x40050E40 R
0x400AB300 W
0x40050E80 R
0x400AB340 W
0x40050EC0 R
0x40050F00 R
0x400AB440 W
0x40050F40 R
0x400AB480 W
0x40050F80 R
0x400AB4C0 W
0x40050FC0 R
0x400AB500 W
0x40051000 R
0x400AB540 W
0x40051040 R
0x400AB580 W
0x40051080 R
0x400AB5C0 W
0x400510C0 R
0x400AB600 W
0x40051100 R
0x400AB640 W
0x40051140 R
0x40051180 R
0x400AB740 W
0x400511C0 R
0x400AB780 W
0x40051200 R
0x400AB7C0 W
0x40051240 R
0x400AB800 W
0x40051280 R
0x400AB840 W
0x400512C0 R
0x400AB880 W
0x40051300 R
0x400AB8C0 W
0x40051340 R
0x400AB900 W
0x40051380 R
0x400AB940 W
0x400513C0 R
0x40051400 R
0x400ABA40 W
0x40051440 R
0x400ABA80 W
0x40051480 R
0x400ABAC0 W
0x400514C0 R
0x400ABB00 W
0x40051500 R
0x400ABB40 W
0x40051540 R
0x400ABB80 W
0x40051580 R
0x400ABBC0 W
0x400515C0 R
0x400ABC00 W
0x40051600 R
0x400ABC40 W
0x40051640 R
0x40051680 R
0x400ABD40 W
0x400516C0 R
0x400ABD80 W
0x40051700 R
0x400ABDC0 W
0x40051740 R
0x400ABE00 W
0x40051780 R
0x400ABE40 W
0x400517C0 R
0x400ABE80 W
0x40051800 R
0x400ABEC0 W
0x40051840 R
0x400ABF00 W
0x40051880 R
0x400ABF40 W
0x400518C0 R
0x40051900 R
0x400AC040 W
0x40051940 R
0x400AC080 W
0x40051980 R
0x400AC0C0 W
0x400519C0 R
0x400AC100 W
0x40051A00 R
0x400AC140 W
0x40051A40 R
0x400AC180 W
0x40051A80 R
0x400AC1C0 W
0x40051AC0 R
0x400AC200 W
0x40051B00 R
0x400AC240 W
0x40051B40 R
0x40051B80 R
0x400AC340 W
0x40051BC0 R
0x400AC380 W
0x40051C00 R
0x400AC3C0 W
0x40051C40 R
0x400AC400 W
0x40051C80 R
0x400AC440 W
0x40051CC0 R
0x400AC480 W
0x40051D00 R
0x400AC4C0 W
0x40051D40 R
0x400AC500 W
0x40051D80 R
0x400AC540 W
0x40051DC0 R
0x40051E00 R
0x400AC640 W
0x40051E40 R
0x400AC680 W
0x40051E80 R
0x400AC6C0 W
0x40051EC0 R
0x400AC700 W
0x40051F00 R
0x400AC740 W
0x40051F40 R
0x400AC780 W
0x40051F80 R
0x400AC7C0 W
0x40051FC0 R
0x400AC800 W
0x40052000 R
0x400AC840 W
0x40052040 R
0x40052080 R
0x400AC940 W
0x400520C0 R
0x400AC980 W
0x40052100 R
0x400AC9C0 W
0x40052140 R
0x400ACA00 W
0x40052180 R
0x400ACA40 W
0x400521C0 R
0x400ACA80 W
0x40052200 R
0x400ACAC0 W
0x40052240 R
0x400ACB00 W
0x40052280 R
0x400ACB40 W
0x400522C0 R
0x40052300 R
0x400ACC40 W
0x40052340 R
0x400ACC80 W
0x40052380 R
0x400ACCC0 W
0x400523C0 R
0x400ACD00 W
0x40052400 R
0x400ACD40 W
0x40052440 R
0x400ACD80 W
0x40052480 R
0x400ACDC0 W
0x400524C0 R
0x400ACE00 W
0x40052500 R
0x400ACE40 W
0x40052540 R
0x40052580 R
0x400ACF40 W
0x400525C0 R
0x400ACF80 W
0x40052600 R
0x400ACFC0 W
0x40052640 R
0x400AD000 W
0x40052680 R
0x400AD040 W
0x400526C0 R
0x400AD080 W
0x40052700 R
0x400AD0C0 W
0x40052740 R
0x400AD100 W
0x40052780 R
0x400AD140 W
0x400527C0 R
0x40052800 R
0x400AD240 W
0x40052840 R
0x400AD280 W
0x40052880 R
0x400AD2C0 W
0x400528C0 R
0x400AD300 W
0x40052900 R
0x400AD340 W
0x40052940 R
0x400AD380 W
0x40052980 R
0x400AD3C0 W
0x400529C0 R
0x400AD400 W
0x40052A00 R
0x400AD440 W
0x40052A40 R
0x40052A80 R
0x400AD540 W
0x40052AC0 R
0x400AD580 W
0x40052B00 R
0x400AD5C0 W
0x40052B40 R
0x400AD600 W
0x40052B80 R
0x400AD640 W
0x40052BC0 R
0x400AD680 W
0x40052C00 R
0x400AD6C0 W
0x40052C40 R
0x400AD700 W
0x40052C80 R
0x400AD740 W
0x40052CC0 R
0x40052D00 R
0x400AD840 W
0x40052D40 R
0x400AD880 W
0x40052D80 R
0x400AD8C0 W
0x40052DC0 R
0x400AD900 W
0x40052E00 R
0x400AD940 W
0x40052E40 R
0x400AD980 W
0x40052E80 R
0x400AD9C0 W
0x40052EC0 R
0x400ADA00 W
0x40052F00 R
0x400ADA40 W
0x40052F40 R
0x40052F80 R
0x400ADB40 W
0x40052FC0 R
0x400ADB80 W
0x40053000 R
0x400ADBC0 W
0x40053040 R
0x400ADC00 W
0x40053080 R
0x400ADC40 W
0x400530C0 R
0x400ADC80 W
0x40053100 R
0x400ADCC0 W
0x40053140 R
0x400ADD00 W
0x40053180 R
0x400ADD40 W
0x400531C0 R
0x40053200 R
0x400ADE40 W
0x40053240 R
0x400ADE80 W
0x40053280 R
0x400ADEC0 W
0x400532C0 R
0x400ADF00 W
0x40053300 R
0x400ADF40 W
0x40053340 R
0x400ADF80 W
0x40053380 R
0x400ADFC0 W
0x400533C0 R
0x400AE000 W
0x40053400 R
0x400AE040 W
0x40053440 R
0x40053480 R
0x400AE140 W
0x400534C0 R
0x400AE180 W
0x40053500 R
0x400AE1C0 W
0x40053540 R
0x400AE200 W
0x40053580 R
0x400AE240 W
0x400535C0 R
0x400AE280 W
0x40053600 R
0x400AE2C0 W
0x40053640 R
0x400AE300 W
0x40053680 R
0x400AE340 W
0x400536C0 R
0x40053700 R
0x400AE440 W
0x40053740 R
0x400AE480 W
0x40053780 R
0x400AE4C0 W
0x400537C0 R
0x400AE500 W
0x40053800 R
0x400AE540 W
0x40053840 R
0x400AE580 W
0x40053880 R
0x400AE5C0 W
0x400538C0 R
0x400AE600 W
0x40053900 R
0x400AE640 W
0x40053940 R
0x40053980 R
0x400AE740 W
0x400539C0 R
0x400AE780 W
0x40053A00 R
0x400AE7C0 W
0x40053A40 R
0x400AE800 W
0x40053A80 R
0x400AE840 W
0x40053AC0 R
0x400AE880 W
0x40053B00 R
0x400AE8C0 W
0x40053B40 R
0x400AE900 W
0x40053B80 R
0x400AE940 W
0x40053BC0 R
0x40053C00 R
0x400AEA40 W
0x40053C40 R
0x400AEA80 W
0x40053C80 R
0x400AEAC0 W
0x40053CC0 R
0x400AEB00 W
0x40053D00 R
0x400AEB40 W
0x40053D40 R
0x400AEB80 W
0x40053D80 R
0x400AEBC0 W
0x40053DC0 R
0x400AEC00 W
0x40053E00 R
0x400AEC40 W
0x40053E40 R
0x40053E80 R
0x400AED40 W
0x40053EC0 R
0x400AED80 W
0x40053F00 R
0x400AEDC0 W
0x40053F40 R
0x400AEE00 W
0x40053F80 R
0x400AEE40 W
0x40053FC0 R
0x400AEE80 W
0x40054000 R
0x400AEEC0 W
0x40054040 R
0x400AEF00 W
0x40054080 R
0x400AEF40 W
0x400540C0 R
0x40054100 R
0x400AF040 W
0x40054140 R
0x400AF080 W
0x40054180 R
0x400AF0C0 W
0x400541C0 R
0x400AF100 W
0x40054200 R
0x400AF140 W
0x40054240 R
0x400AF180 W
0x40054280 R
0x400AF1C0 W
0x400542C0 R
0x400AF200 W
0x40054300 R
0x400AF240 W
0x40054340 R
0x40054380 R
0x400AF340 W
0x400543C0 R
0x400AF380 W
0x40054400 R
0x400AF3C0 W
0x40054440 R
0x400AF400 W
0x40054480 R
0x400AF440 W
0x400544C0 R
0x400AF480 W
0x40054500 R
0x400AF4C0 W
0x40054540 R
0x400AF500 W
0x40054580 R
0x400AF540 W
0x400545C0 R
0x40054600 R
0x400AF640 W
0x40054640 R
0x400AF680 W
0x40054680 R
0x400AF6C0 W
0x400546C0 R
0x400AF700 W
0x40054700 R
0x400AF740 W
0x40054740 R
0x400AF780 W
0x40054780 R
0x400AF7C0 W
0x400547C0 R
0x400AF800 W
0x40054800 R
0x400AF840 W
0x40054840 R
0x40054880 R
0x400AF940 W
0x400548C0 R
0x400AF980 W
0x40054900 R
0x400AF9C0 W
0x40054940 R
0x400AFA00 W
0x40054980 R
0x400AFA40 W
0x400549C0 R
0x400AFA80 W
0x40054A00 R
0x400AFAC0 W
0x40054A40 R
0x400AFB00 W
0x40054A80 R
0x400AFB40 W
0x40054AC0 R
0x40054B00 R
0x400AFC40 W
0x40054B40 R
0x400AFC80 W
0x40054B80 R
0x400AFCC0 W
0x40054BC0 R
0x400AFD00 W
0x40054C00 R
0x400AFD40 W
0x40054C40 R
0x400AFD80 W
0x40054C80 R
0x400AFDC0 W
0x40054CC0 R
0x400AFE00 W
0x40054D00 R
0x400AFE40 W
0x40054D40 R
0x40054D80 R
0x400AFF40 W
0x40054DC0 R
0x400AFF80 W
0x40054E00 R
0x400AFFC0 W
0x40054E40 R
0x400B0000 W
0x40054E80 R
0x400B0040 W
0x40054EC0 R
0x400B0080 W
0x40054F00 R
0x400B00C0 W
0x40054F40 R
0x400B0100 W
0x40054F80 R
0x400B0140 W
0x40054FC0 R
0x40055000 R
0x400B0240 W
0x40055040 R
0x400B0280 W
0x40055080 R
0x400B02C0 W
0x400550C0 R
0x400B0300 W
0x40055100 R
0x400B0340 W
0x40055140 R
0x400B0380 W
0x40055180 R
0x400B03C0 W
0x400551C0 R
0x400B0400 W
0x40055200 R
0x400B0440 W
0x40055240 R
0x40055280 R
0x400B0540 W
0x400552C0 R
0x400B0580 W
0x40055300 R
0x400B05C0 W
0x40055340 R
0x400B0600 W
0x40055380 R
0x400B0640 W
0x400553C0 R
0x400B0680 W
0x40055400 R
0x400B06C0 W
0x40055440 R
0x400B0700 W
0x40055480 R
0x400B0740 W
0x400554C0 R
0x40055500 R
0x400B0840 W
0x40055540 R
0x400B0880 W
0x40055580 R
0x400B08C0 W
0x400555C0 R
0x400B0900 W
0x40055600 R
0x400B0940 W
0x40055640 R
0x400B0980 W
0x40055680 R
0x400B09C0 W
0x400556C0 R
0x400B0A00 W
0x40055700 R
0x400B0A40 W
0x40055740 R
0x40055780 R
0x400B0B40 W
0x400557C0 R
0x400B0B80 W
0x40055800 R
0x400B0BC0 W
0x40055840 R
0x400B0C00 W
0x40055880 R
0x400B0C40 W
0x400558C0 R
0x400B0C80 W
0x40055900 R
0x400B0CC0 W
0x40055940 R
0x400B0D00 W
0x40055980 R
0x400B0D40 W
0x400559C0 R
0x40055A00 R
0x400B0E40 W
0x40055A40 R
0x400B0E80 W
0x40055A80 R
0x400B0EC0 W
0x40055AC0 R
0x400B0F00 W
0x40055B00 R
0x400B0F40 W
0x40055B40 R
0x400B0F80 W
0x40055B80 R
0x400B0FC0 W
0x40055BC0 R
0x400B1000 W
0x40055C00 R
0x400B1040 W
0x40055C40 R
0x40055C80 R
0x400B1140 W
0x40055CC0 R
0x400B1180 W
0x40055D00 R
0x400B11C0 W
0x40055D40 R
0x400B1200 W
0x40055D80 R
0x400B1240 W
0x40055DC0 R
0x400B1280 W
0x40055E00 R
0x400B12C0 W
0x40055E40 R
0x400B1300 W
0x40055E80 R
0x400B1340 W
0x40055EC0 R
0x40055F00 R
0x400B1440 W
0x40055F40 R
0x400B1480 W
0x40055F80 R
0x400B14C0 W
0x40055FC0 R
0x400B1500 W
0x40056000 R
0x400B1540 W
0x40056040 R
0x400B1580 W
0x40056080 R
0x400B15C0 W
0x400560C0 R
0x400B1600 W
0x40056100 R
0x400B1640 W
0x40056140 R
0x40056180 R
0x400B1740 W
0x400561C0 R
0x400B1780 W
0x40056200 R
0x400B17C0 W
0x40056240 R
0x400B1800 W
0x40056280 R
0x400B1840 W
0x400562C0 R
0x400B1880 W
0x40056300 R
0x400B18C0 W
0x40056340 R
0x400B1900 W
0x40056380 R
0x400B1940 W
0x400563C0 R
0x40056400 R
0x400B1A40 W
0x40056440 R
0x400B1A80 W
0x40056480 R
0x400B1AC0 W
0x400564C0 R
0x400B1B00 W
0x40056500 R
0x400B1B40 W
0x40056540 R
0x400B1B80 W
0x40056580 R
0x400B1BC0 W
0x400565C0 R
0x400B1C00 W
0x40056600 R
0x400B1C40 W
0x40056640 R
0x40056680 R
0x400B1D40 W
0x400566C0 R
0x400B1D80 W
0x40056700 R
0x400B1DC0 W
0x40056740 R
0x400B1E00 W
0x40056780 R
0x400B1E40 W
0x400567C0 R
0x400B1E80 W
0x40056800 R
0x400B1EC0 W
0x40056840 R
0x400B1F00 W
0x40056880 R
0x400B1F40 W
0x400568C0 R
0x40056900 R
0x400B2040 W
0x40056940 R
0x400B2080 W
0x40056980 R
0x400B20C0 W
0x400569C0 R
0x400B2100 W
0x40056A00 R
0x400B2140 W
0x40056A40 R
0x400B2180 W
0x40056A80 R
0x400B21C0 W
0x40056AC0 R
0x400B2200 W
0x40056B00 R
0x400B2240 W
0x40056B40 R
0x40056B80 R
0x400B2340 W
0x40056BC0 R
0x400B2380 W
0x40056C00 R
0x400B23C0 W
0x40056C40 R
0x400B2400 W
0x40056C80 R
0x400B2440 W
0x40056CC0 R
0x400B2480 W
0x40056D00 R
0x400B24C0 W
0x40056D40 R
0x400B2500 W
0x40056D80 R
0x400B2540 W
0x40056DC0 R
0x40056E00 R
0x400B2640 W
0x40056E40 R
0x400B2680 W
0x40056E80 R
0x400B26C0 W
0x40056EC0 R
0x400B2700 W
0x40056F00 R
0x400B2740 W
0x40056F40 R
0x400B2780 W
0x40056F80 R
0x400B27C0 W
0x40056FC0 R
0x400B2800 W
0x40057000 R
0x400B2840 W
0x40057040 R
0x40057080 R
0x400B2940 W
0x400570C0 R
0x400B2980 W
0x40057100 R
0x400B29C0 W
0x40057140 R
0x400B2A00 W
0x40057180 R
0x400B2A40 W
0x400571C0 R
0x400B2A80 W
0x40057200 R
0x400B2AC0 W
0x40057240 R
0x400B2B00 W
0x40057280 R
0x400B2B40 W
0x400572C0 R
0x40057300 R
0x400B2C40 W
0x40057340 R
0x400B2C80 W
0x40057380 R
0x400B2CC0 W
0x400573C0 R
0x400B2D00 W
0x40057400 R
0x400B2D40 W
0x40057440 R
0x400B2D80 W
0x40057480 R
0x400B2DC0 W
0x400574C0 R
0x400B2E00 W
0x40057500 R
0x400B2E40 W
0x40057540 R
0x40057580 R
0x400B2F40 W
0x400575C0 R
0x400B2F80 W
0x40057600 R
0x400B2FC0 W
0x40057640 R
0x400B3000 W
0x40057680 R
0x400B3040 W
0x400576C0 R
0x400B3080 W
0x40057700 R
0x400B30C0 W
0x40057740 R
0x400B3100 W
0x40057780 R
0x400B3140 W
0x400577C0 R
0x40057800 R
0x400B3240 W
0x40057840 R
0x400B3280 W
0x40057880 R
0x400B32C0 W
0x400578C0 R
0x400B3300 W
0x40057900 R
0x400B3340 W
0x40057940 R
0x400B3380 W
0x40057980 R
0x400B33C0 W
0x400579C0 R
0x400B3400 W
0x40057A00 R
0x400B3440 W
0x40057A40 R
0x40057A80 R
0x400B3540 W
0x40057AC0 R
0x400B3580 W
0x40057B00 R
0x400B35C0 W
0x40057B40 R
0x400B3600 W
0x40057B80 R
0x400B3640 W
0x40057BC0 R
0x400B3680 W
0x40057C00 R
0x400B36C0 W
0x40057C40 R
0x400B3700 W
0x40057C80 R
0x400B3740 W
0x40057CC0 R
0x40057D00 R
0x400B3840 W
0x40057D40 R
0x400B3880 W
0x40057D80 R
0x400B38C0 W
0x40057DC0 R
0x400B3900 W
0x40057E00 R
0x400B3940 W
0x40057E40 R
0x400B3980 W
0x40057E80 R
0x400B39C0 W
0x40057EC0 R
0x400B3A00 W
0x40057F00 R
0x400B3A40 W
